proximity,human_mvt,transports,satscan
-0.02807,0.07943,0.06508,0.22673
-0.03088,0.09023,0.05622,0.21299
-0.03182,0.1003,0.0302,0.26635
-0.015,0.0967,0.01473,0.15363
-0.02061,0.06795,0.00553,0.19434
-0.02552,0.05786,0.06438,0.17275
-0.03537,0.07562,0.06243,0.26445
-0.03362,0.0981,0.08622,0.23215
-0.0275,0.09177,0.0729,0.17502
-0.02181,0.09203,0.0253,0.18056
-0.02862,0.11116,0.0577,0.21534
-0.01803,0.09469,0.04159,0.11695
-0.03083,0.10215,0.08337,0.17887
-0.03015,0.11192,0.05412,0.2236
-0.03488,0.13495,0.07121,0.25479
-0.02131,0.07982,0.0579,0.12873
-0.01732,0.10641,0.09818,0.16815
-0.02194,0.10172,0.10125,0.13484
-0.02133,0.09963,0.09263,0.1408
-0.034,0.05426,0.09126,0.2177
-0.02483,0.0852,0.06441,0.17496
-0.02992,0.09088,0.02993,0.24643
-0.02255,0.10468,0.07641,0.18281
-0.02578,0.10706,0.08143,0.19384
-0.03242,0.07651,0.08595,0.19793
-0.01975,0.09631,0.05816,0.13676
-0.0224,0.06921,0.04725,0.1786
-0.02565,0.08968,0.06016,0.21262
-0.0346,0.07564,0.07582,0.21181
-0.03776,0.08035,0.07265,0.2302
-0.03536,0.08175,0.07821,0.26678
-0.03304,0.11663,0.0838,0.23338
-0.0299,0.08769,0.03275,0.22766
-0.01347,0.11133,0.06132,0.16187
-0.02588,0.09445,0.06107,0.17727
-0.02951,0.10457,0.04375,0.24498
-0.0277,0.09498,0.10019,0.1546
-0.02808,0.07254,0.05461,0.17506
-0.02252,0.11189,0.09648,0.19217
-0.02576,0.10584,0.06587,0.14521
-0.03585,0.10268,0.06337,0.24976
-0.02449,0.07539,0.07264,0.19638
-0.03089,0.1051,0.06389,0.19146
-0.02754,0.08039,0.02807,0.22209
-0.03053,0.11356,0.0474,0.19109
-0.03066,0.09877,0.076,0.20267
-0.03047,0.0693,0.06051,0.20886
-0.02997,0.10122,0.06099,0.22445
-0.02945,0.15623,0.06975,0.23924
-0.03408,0.09479,0.0611,0.24312
-0.02865,0.11584,0.08024,0.22473
-0.01999,0.03379,0.05752,0.11605
-0.02598,0.07002,0.03494,0.21052
-0.02354,0.04555,0.05353,0.16398
-0.02519,0.07687,0.09659,0.18355
-0.03633,0.13628,0.05922,0.30625
-0.02607,0.13289,0.06656,0.21499
-0.02935,0.08138,0.03711,0.23674
-0.01681,0.07045,-0.00873,0.15203
-0.0257,0.07776,0.06461,0.21912
-0.02419,0.06844,0.09307,0.18309
-0.02385,0.05391,0.07821,0.14456
-0.02677,0.06429,0.07778,0.16969
-0.03035,0.10558,0.05543,0.24418
-0.0268,0.11364,0.10642,0.21255
-0.02183,0.07731,0.02546,0.15204
-0.02381,0.08896,0.0785,0.18378
-0.02783,0.09198,0.08388,0.16419
-0.02454,0.08043,0.05355,0.15642
-0.03664,0.10308,0.09336,0.25594
-0.01943,0.06249,0.00911,0.15618
-0.0353,0.08227,0.06712,0.22889
-0.03373,0.08016,0.06396,0.23031
-0.03826,0.10123,0.08446,0.31073
-0.02356,0.08061,0.06713,0.16624
-0.02758,0.08324,0.05585,0.22893
-0.02863,0.10538,0.07717,0.21349
-0.01992,0.12992,0.0509,0.16699
-0.02928,0.10438,0.09745,0.23991
-0.03668,0.12462,0.07924,0.27165
-0.03059,0.13416,0.08118,0.19482
-0.02419,0.14545,0.09263,0.16664
-0.01755,0.11652,0.07313,0.18471
-0.03851,0.08684,0.07671,0.29823
-0.02734,0.09418,0.0793,0.18399
-0.03245,0.07338,0.07457,0.20436
-0.02891,0.10708,0.06117,0.21215
-0.01311,0.05252,-0.01834,0.12585
-0.02815,0.07081,0.06052,0.1982
-0.03256,0.05318,0.07208,0.19586
-0.03085,0.11904,0.06624,0.2034
-0.02576,0.11914,0.05664,0.19948
-0.01233,0.05278,-0.01864,0.11982
-0.02655,0.10917,0.03407,0.18657
-0.03174,0.10338,0.03913,0.24192
-0.02992,0.08161,0.04976,0.21418
-0.02494,0.14278,0.07825,0.18951
-0.03226,0.11788,0.06929,0.25808
-0.03985,0.08993,0.07873,0.28139
-0.02376,0.08431,0.03359,0.21359
-0.0348,0.10419,0.07448,0.24128
-0.01527,0.11267,0.06441,0.13119
-0.02044,0.11665,0.06505,0.16916
-0.0384,0.10826,0.08167,0.27342
-0.03272,0.07682,0.0521,0.22341
-0.02888,0.13135,0.0769,0.2367
-0.02474,0.11592,0.0348,0.16413
-0.02826,0.0687,0.04957,0.19886
-0.03279,0.09295,0.05247,0.26509
-0.01478,0.06355,-0.00797,0.14027
-0.03075,0.07222,0.10875,0.19484
-0.02535,0.09126,0.01963,0.20592
-0.03509,0.08681,0.06276,0.28146
-0.03213,0.07403,0.02963,0.26278
-0.02824,0.08319,0.04956,0.19783
-0.03189,0.08897,0.0944,0.23326
-0.03311,0.05081,0.0833,0.21903
-0.03402,0.12331,0.04374,0.25883
-0.01545,0.10327,0.03454,0.12402
-0.03246,0.10158,0.0433,0.27321
-0.03509,0.10341,0.02746,0.29923
-0.02063,0.09866,0.06157,0.16732
-0.02662,0.06672,0.08206,0.21459
-0.0332,0.12096,0.05647,0.22975
-0.02186,0.10413,0.05428,0.1701
-0.03192,0.08731,0.07935,0.18778
-0.03603,0.11675,0.09551,0.24006
-0.03403,0.07509,0.09256,0.20634
-0.0365,0.11955,0.08816,0.26148
-0.02062,0.07318,0.00834,0.17027
-0.02294,0.05769,0.0666,0.17208
-0.02831,0.04645,0.06961,0.18789
-0.02937,0.07537,0.05348,0.23433
-0.03165,0.09227,0.06423,0.20615
-0.02357,0.07479,0.09775,0.14466
-0.02614,0.06902,0.01405,0.21425
-0.03476,0.07606,0.0547,0.22999
-0.02938,0.11952,0.04834,0.2231
-0.0347,0.10379,0.06925,0.26914
-0.03006,0.06713,0.04928,0.24503
-0.03273,0.08767,0.07027,0.22385
-0.00179,0.08699,0.05553,0.07087
-0.02833,0.09112,0.03444,0.2087
-0.02193,0.12103,0.03763,0.1529
-0.03438,0.10035,0.0646,0.26416
-0.02264,0.1339,0.02917,0.13437
-0.03157,0.13539,0.09838,0.23747
-0.03483,0.08222,0.07169,0.23921
-0.02787,0.07019,0.05241,0.21339
-0.02829,0.08349,0.0643,0.22547
-0.02896,0.08274,0.01282,0.20483
-0.01975,0.06117,0.02955,0.14519
-0.02653,0.04856,0.04329,0.1885
-0.02944,0.10928,0.02586,0.21378
-0.03251,0.09367,0.0789,0.20719
-0.01658,0.08457,-0.00695,0.14045
-0.03004,0.12824,0.07494,0.211
-0.01466,0.12781,0.0726,0.13521
-0.03513,0.09064,0.10557,0.19788
-0.0354,0.07387,0.05026,0.27931
-0.03371,0.09307,0.05719,0.2672
-0.01997,0.07547,0.05322,0.14569
-0.02339,0.06025,0.04923,0.17778
-0.03434,0.10258,0.0718,0.26118
-0.00923,0.1042,0.05939,0.09804
-0.00085,0.08317,0.04586,0.06835
-0.03265,0.04597,0.03814,0.26635
-0.03319,0.06481,0.07573,0.25423
-0.03043,0.05835,0.0866,0.20539
-0.03526,0.07418,0.06555,0.24127
-0.03233,0.09667,0.03388,0.26904
-0.03737,0.10525,0.03169,0.30473
-0.02239,0.09166,0.00936,0.19757
-0.02773,0.07768,0.08665,0.18755
-0.01395,0.15647,0.083,0.13522
-0.03308,0.11771,0.07478,0.23594
-0.00195,0.08941,0.06368,0.06386
-0.02498,0.10114,0.09831,0.17367
-0.03003,0.11666,0.04476,0.21617
-0.01765,0.0873,-0.00321,0.15852
-0.02024,0.11885,0.04627,0.16426
-0.03025,0.12693,0.04363,0.23033
-0.02742,0.12174,0.07684,0.24822
-0.02176,0.06962,0.03118,0.1327
-0.02604,0.12487,0.07082,0.20932
-0.02886,0.11422,0.08466,0.21023
-0.02793,0.16911,0.06406,0.20292
-0.03523,0.08017,0.07553,0.24641
-0.0233,0.11981,0.05612,0.16811
-0.03099,0.10651,0.10736,0.24303
-0.03099,0.10594,0.05284,0.2644
-0.02607,0.0893,0.03174,0.21038
-0.02588,0.08988,0.05149,0.20508
-0.03834,0.11244,0.10882,0.24966
-0.03144,0.09282,0.09382,0.21212
-0.02994,0.08488,0.06678,0.22762
-0.0315,0.08577,0.08205,0.18894
-0.01949,0.11202,0.0742,0.13824
-0.0331,0.11541,0.09884,0.21755
-0.0237,0.11752,0.07724,0.14173
-0.03463,0.06793,0.09656,0.22774
-0.02496,0.10462,0.09819,0.18596
-0.03638,0.07916,0.06924,0.27367
-0.0264,0.07802,0.10682,0.16067
-0.02896,0.10285,0.05791,0.24371
-0.03086,0.09998,0.08418,0.22456
-0.02519,0.11934,0.05939,0.17469
-0.03087,0.08085,0.08947,0.22075
-0.02941,0.08315,0.04841,0.22891
-0.03454,0.09999,0.03792,0.292
-0.01457,0.05403,-0.01578,0.13215
-0.02588,0.16026,0.05408,0.24976
-0.03918,0.11616,0.10388,0.25475
-0.02568,0.09135,0.06997,0.17778
-0.02782,0.13968,0.06383,0.2357
-0.01645,0.12214,0.07357,0.12477
-0.03118,0.11617,0.1154,0.2603
-0.02008,0.08239,0.09027,0.14845
-0.01744,0.12932,0.04747,0.18119
-0.03354,0.10987,0.07659,0.21938
-0.03103,0.09605,0.06191,0.23152
-0.02397,0.11432,0.08578,0.15913
-0.02029,0.11232,0.08449,0.13065
-0.03058,0.10217,0.06903,0.20883
-0.03293,0.08087,0.06773,0.20298
-0.038,0.1179,0.07574,0.30859
-0.0323,0.10559,0.0753,0.23156
-0.00055,0.0933,0.04679,0.06557
-0.00267,0.0837,0.05159,0.08237
-0.03094,0.08133,0.07262,0.22206
-0.02555,0.12277,0.07938,0.23482
-0.02929,0.11573,0.08973,0.18028
-0.03287,0.106,0.07129,0.24945
-0.03561,0.12005,0.06877,0.2564
-0.02489,0.1368,0.09055,0.18802
-0.02562,0.10858,0.10144,0.17482
-0.03462,0.12758,0.08507,0.26907
-0.02825,0.13894,0.07202,0.22786
-0.02585,0.14147,0.08527,0.18029
-0.02503,0.09023,0.07789,0.2034
-0.02957,0.09346,0.07932,0.20442
-0.0333,0.10324,0.04982,0.26863
-0.03411,0.12495,0.07505,0.23586
-0.0366,0.07373,0.04429,0.25602
-0.02917,0.07637,0.10172,0.15158
-0.02676,0.09589,0.07843,0.20853
-0.03038,0.11,0.06521,0.21007
-0.01876,0.14049,0.0661,0.15047
-0.03012,0.12685,0.04708,0.21929
-0.03006,0.12952,0.07436,0.2165
-0.02626,0.10266,0.08637,0.17119
-0.03387,0.10683,0.08845,0.24536
-0.00832,0.09891,0.08312,0.10837
-0.03668,0.06874,0.10713,0.2333
-0.03724,0.10084,0.0723,0.27769
-0.01691,0.09395,0.06049,0.1144
-0.01346,0.07121,-0.00801,0.14741
-0.03066,0.09332,0.07613,0.20414
-0.02987,0.07972,0.04497,0.1933
-0.0303,0.11171,0.05456,0.23141
-0.03865,0.08876,0.08419,0.27582
-0.02989,0.11501,0.0995,0.19351
-0.03043,0.11954,0.08313,0.18794
-0.03343,0.13204,0.08268,0.27332
-0.02824,0.09132,0.10106,0.17386
-0.02945,0.11647,0.0927,0.19069
-0.02231,0.11111,0.07415,0.189
-0.0253,0.13881,0.08323,0.19905
-0.02333,0.10846,0.03639,0.15467
-0.03477,0.13321,0.04432,0.27295
-0.03165,0.11648,0.05836,0.22765
-0.03164,0.09788,0.05623,0.24206
-0.03877,0.09487,0.05654,0.29457
-0.03872,0.12779,0.03575,0.30775
-0.0359,0.10995,0.08683,0.23806
-0.02746,0.10149,0.06457,0.19703
-0.03272,0.11875,0.07174,0.25974
-0.0299,0.0958,0.06544,0.24282
-0.03089,0.1124,0.05791,0.22612
-0.03954,0.10421,0.05253,0.30635
-0.01339,0.00928,0.05916,0.09063
-0.02674,0.07704,0.00947,0.22051
-0.03461,0.07077,0.05916,0.26491
-0.01933,0.07751,0.00126,0.17734
-0.02441,0.11961,0.0935,0.24273
-0.0194,0.11962,0.05619,0.18783
-0.03052,0.07362,0.06674,0.19383
-0.03224,0.10164,0.06488,0.26534
-0.02938,0.07072,0.07467,0.20223
-0.03959,0.10267,0.07198,0.281
-0.03796,0.10006,0.07825,0.25966
-0.01795,0.12496,0.08463,0.15392
-0.00339,0.1048,0.07559,0.06703
-0.03689,0.10005,0.11047,0.25774
-0.03816,0.12542,0.0892,0.29209
-0.02504,0.1074,0.06529,0.19019
-0.03289,0.09465,0.07544,0.18722
-0.02829,0.10342,0.08069,0.2098
-0.03155,0.15039,0.08822,0.27682
-0.02188,0.0957,0.0843,0.17608
-0.02867,0.09081,0.11122,0.16683
-0.03512,0.1265,0.07036,0.23486
-0.03426,0.11121,0.10465,0.27785
-0.02543,0.08828,0.08483,0.17448
-0.0297,0.11738,0.10704,0.19504
-0.01665,0.06365,-0.00176,0.14946
-0.01208,0.12083,0.10431,0.11587
-0.01102,0.11827,0.08208,0.13086
-0.01823,0.11626,0.04137,0.17817
-0.02979,0.09627,0.03763,0.19346
-0.01999,0.12259,0.07658,0.11067
-0.02867,0.12061,0.04735,0.20409
-0.01788,0.10573,0.0788,0.11247
-0.03595,0.09212,0.07842,0.25778
-0.03378,0.07397,0.08375,0.22916
-0.03242,0.11737,0.08923,0.26051
-0.0328,0.09836,0.10031,0.22093
-0.02696,0.10243,0.05819,0.20295
-0.03577,0.11373,0.07289,0.25547
-0.02078,0.10356,0.05801,0.12454
-0.02933,0.09852,0.05736,0.19825
-0.03263,0.10992,0.06644,0.25642
-0.01329,0.09362,0.06711,0.1501
-0.02972,0.12047,0.08222,0.20936
-0.03299,0.09508,0.0554,0.26305
-0.03482,0.13563,0.06706,0.24135
-0.03616,0.11216,0.06725,0.27218
-0.02392,0.10227,0.06196,0.1795
-0.02728,0.12609,0.06042,0.23006
-0.03391,0.09269,0.11299,0.24374
-0.01256,0.14079,0.09383,0.11403
-0.03265,0.07947,0.04845,0.27504
-0.02166,0.10867,0.04779,0.15299
-0.02293,0.08413,0.06966,0.20121
-0.03921,0.08154,0.08835,0.2749
-0.03647,0.10823,0.04404,0.29799
-0.02567,0.10953,0.04478,0.17625
-0.03564,0.12826,0.05684,0.26016
-0.01189,0.11753,0.07208,0.12805
-0.0097,0.11069,0.06843,0.12035
-0.03059,0.12477,0.07602,0.20886
-0.03103,0.09909,0.02972,0.24209
-0.02905,0.07853,0.02109,0.24807
-0.01636,0.13113,0.07044,0.12576
-0.03325,0.13023,0.03996,0.24184
-0.03432,0.11434,0.09359,0.27605
-0.0356,0.05744,0.08026,0.25245
-0.03436,0.09425,0.08548,0.2516
-0.03599,0.10901,0.07802,0.25062
-0.03164,0.10311,0.0888,0.19316
-0.03412,0.10503,0.08351,0.23537
-0.02656,0.08223,0.08694,0.21177
-0.02043,0.09519,0.09302,0.16286
-0.03339,0.08697,0.08761,0.21427
-0.02159,0.12189,0.06538,0.14169
-0.02316,0.09027,0.02565,0.18628
-0.02902,0.09804,0.05333,0.18913
-0.02531,0.14421,0.07397,0.2081
-0.02929,0.10659,0.06857,0.21345
-0.02675,0.11177,0.06738,0.20562
-0.02225,0.12738,0.05569,0.2122
-0.02188,0.10008,0.04443,0.14994
-0.03792,0.09443,0.1026,0.25008
-0.01775,0.09484,0.03502,0.18296
-0.02183,0.11611,0.07275,0.17794
-0.03143,0.06866,0.07664,0.20749
-0.03256,0.09268,0.07836,0.2511
-0.02574,0.09708,0.04771,0.17966
0.00165,0.10166,0.05089,0.04916
-0.02543,0.07349,0.07831,0.19188
-0.0237,0.09329,0.08868,0.18888
-0.01986,0.07151,0.07605,0.16006
-0.03657,0.0763,0.05485,0.29238
-0.02795,0.05955,0.04987,0.20668
-0.03133,0.11703,0.09057,0.22933
-0.03389,0.10002,0.08521,0.25235
-0.03254,0.08378,0.0738,0.22049
-0.03307,0.0992,0.09957,0.22294
-0.02891,0.13471,0.07027,0.17877
-0.02846,0.1072,0.06822,0.20131
-0.03234,0.11239,0.12821,0.21539
-0.03434,0.1159,0.02949,0.27245
-0.0268,0.14032,0.0791,0.22179
-0.02531,0.13167,0.08448,0.17054
-0.01644,0.13824,0.08152,0.12719
-0.03319,0.1002,0.10097,0.19325
-0.03073,0.11109,0.07522,0.22147
-0.04136,0.11988,0.08764,0.32693
-0.02711,0.10039,0.05466,0.212
-0.02744,0.13987,0.09422,0.16419
-0.03079,0.08424,0.04564,0.24855
-0.02907,0.14902,0.04336,0.22749
-0.02616,0.11208,0.08576,0.165
-0.02496,0.10453,0.06543,0.17741
-0.03228,0.09486,0.09211,0.23165
-0.03732,0.10889,0.07664,0.27999
-0.01301,0.13624,0.07708,0.12309
-0.02589,0.09478,0.06035,0.17143
-0.02175,0.09593,0.07021,0.17211
-0.03049,0.08361,0.08218,0.22957
-0.0288,0.07742,0.06718,0.18554
-0.029,0.07187,0.05449,0.18486
-0.027,0.07898,0.05402,0.21745
-0.02667,0.09656,0.07096,0.22165
-0.03905,0.10001,0.07366,0.30603
-0.00874,0.11287,0.08767,0.09729
-0.03042,0.11217,0.05409,0.22003
-0.04015,0.07786,0.05032,0.31669
-0.03148,0.10474,0.07602,0.24208
-0.01528,0.10563,0.05224,0.17513
-0.01357,0.05294,-0.01824,0.13001
-0.03375,0.08955,0.08315,0.21974
-0.01063,0.10844,0.08377,0.11585
-0.02464,0.10455,0.06035,0.20135
-0.0281,0.09467,0.09033,0.1873
-0.01774,0.08324,0.09363,0.18718
-0.01347,0.0894,0.07139,0.13125
-0.02415,0.14331,0.10348,0.19231
-0.02859,0.06467,0.1097,0.17515
-0.03378,0.1341,0.09061,0.2691
-0.03043,0.11919,0.08034,0.24016
-0.0328,0.07644,0.07886,0.22878
-0.02006,0.10964,0.06715,0.20377
-0.03183,0.07837,0.08797,0.24222
-0.0332,0.05851,0.0857,0.21771
-0.02068,0.10436,0.06059,0.15424
-0.03245,0.07389,0.08806,0.23685
-0.02823,0.14204,0.09071,0.19374
-0.02726,0.06998,0.05753,0.18637
-0.01716,0.11483,0.0835,0.15304
-0.03256,0.07777,0.07463,0.28744
-0.02365,0.11674,0.05649,0.1701
-0.02664,0.14364,0.0881,0.17893
-0.03948,0.11894,0.10103,0.28767
-0.03012,0.14162,0.07642,0.22368
-0.02183,0.06067,0.04078,0.13403
-0.02712,0.09977,0.06669,0.22055
-0.03468,0.08639,0.04304,0.29811
-0.03588,0.08168,0.0652,0.28477
-0.02847,0.12279,0.09936,0.19812
-0.0322,0.09436,0.09822,0.22125
-0.02974,0.09203,0.06477,0.21749
-0.02103,0.13541,0.08054,0.16835
-0.03385,0.08841,0.04852,0.26951
-0.0239,0.10271,0.06866,0.17189
-0.01851,0.08174,0.07086,0.12567
-0.03302,0.11557,0.06694,0.24622
-0.0233,0.12594,0.08631,0.18127
-0.02345,0.07576,0.03307,0.18864
-0.02481,0.08484,0.04608,0.16609
-0.02293,0.1226,0.07265,0.16024
-0.03142,0.12093,0.08253,0.23908
-0.01933,0.12615,0.07594,0.15133
-0.02167,0.07712,0.0604,0.19428
-0.0141,0.11744,0.07321,0.15646
-0.03991,0.10646,0.09598,0.2958
-0.02452,0.10441,0.0765,0.16896
-0.02754,0.04934,0.04263,0.23355
-0.01338,0.1476,0.08483,0.13769
-0.01071,0.04776,-0.02049,0.10807
-0.03086,0.16413,0.06566,0.22947
-0.026,0.09197,0.0923,0.20966
-0.02933,0.09286,0.07088,0.20311
-0.02773,0.05997,0.07562,0.18783
-0.01909,0.08903,0.0786,0.10513
-0.02692,0.07805,0.09243,0.17077
-0.02965,0.08942,0.09102,0.17207
-0.02385,0.10056,0.05413,0.18306
-0.02539,0.1291,0.05328,0.20274
-0.02266,0.11905,0.06099,0.20112
-0.0213,0.09575,0.0654,0.19703
-0.01373,0.09171,0.07166,0.15442
-0.01839,0.12328,0.07585,0.17278
-0.02714,0.10958,0.03267,0.22473
-0.02961,0.0791,0.07514,0.21224
-0.01859,0.14266,0.08964,0.12871
-0.02565,0.12771,0.06062,0.1861
-0.02018,0.09021,0.01048,0.18495
-0.02269,0.10046,0.0786,0.18759
-0.02873,0.08387,0.04525,0.20878
-0.01959,0.11941,0.05423,0.15211
-0.02751,0.05781,0.06228,0.21864
-0.03301,0.12256,0.04894,0.22989
-0.02307,0.10625,0.07288,0.21631
-0.026,0.1179,0.04226,0.22679
-0.02525,0.10365,0.0783,0.21592
-0.02513,0.1215,0.11521,0.2071
-0.00333,0.12466,0.07457,0.09724
-0.02901,0.07248,0.08087,0.2026
-0.03567,0.07991,0.04353,0.26668
-0.03028,0.113,0.07576,0.19808
-0.03371,0.09263,0.06639,0.2411
-0.03457,0.07495,0.10852,0.22932
-0.03385,0.11202,0.07066,0.25157
-0.0379,0.14653,0.05813,0.27599
-0.02667,0.09476,0.06962,0.20587
-0.02846,0.12951,0.06786,0.22122
-0.03028,0.1055,0.06992,0.21137
-0.01374,0.16191,0.09199,0.10391
-0.02605,0.13171,0.1073,0.21998
-0.03018,0.12474,0.08556,0.26956
-0.03924,0.09993,0.08454,0.29767
-0.02432,0.11128,0.07769,0.15933
-0.03079,0.1198,0.09782,0.23147
-0.02842,0.08901,0.06015,0.19735
-0.02938,0.11842,0.07495,0.22946
-0.02852,0.09676,0.07511,0.20303
-0.0344,0.10776,0.06217,0.25569
-0.02563,0.1115,0.08034,0.17868
-0.01221,0.12909,0.08162,0.13125
-0.02565,0.13588,0.07392,0.20258
-0.03576,0.09197,0.08165,0.25179
-0.02708,0.07663,0.07373,0.17739
-0.01625,0.06992,-0.00376,0.14821
-0.03204,0.11759,0.09461,0.19659
-0.02595,0.12542,0.06605,0.19017
-0.01956,0.10417,0.06149,0.15001
-0.02575,0.10491,0.08635,0.17347
-0.04264,0.15291,0.06886,0.33435
-0.01838,0.13871,0.07594,0.17577
-0.00415,0.09518,0.08107,0.05298
-0.02582,0.08156,0.0425,0.1902
-0.02322,0.11622,0.08554,0.15621
-0.01231,0.05314,-0.01975,0.11837
-0.04317,0.09126,0.06548,0.3273
-0.0306,0.05692,0.07242,0.22463
-0.02994,0.10556,0.08777,0.21087
-0.02424,0.12407,0.09752,0.19016
-0.0286,0.10178,0.06251,0.18635
-0.02739,0.06232,0.04885,0.16339
-0.02864,0.09629,0.09199,0.16733
-0.00719,0.14897,0.04816,0.10137
-0.03108,0.1031,0.06764,0.19087
-0.03628,0.05775,0.05185,0.25366
-0.02368,0.12636,0.06422,0.18758
-0.02928,0.08574,0.05745,0.21523
-0.0235,0.07545,0.07969,0.14809
-0.02427,0.07715,0.0727,0.17063
-0.02172,0.0732,0.05273,0.15564
-0.02465,0.10443,0.08567,0.15463
-0.0307,0.07323,0.06406,0.20206
-0.02897,0.10511,0.05726,0.22953
-0.02056,0.09858,0.06004,0.1731
-0.0352,0.12009,0.0886,0.25027
-0.03113,0.10601,0.05352,0.23893
-0.02608,0.08481,0.02412,0.1962
-0.02457,0.08474,0.05942,0.20505
-0.02848,0.12893,0.06504,0.18228
-0.0339,0.06905,0.05495,0.21842
-0.02489,0.10792,0.09115,0.18138
-0.03459,0.10532,0.06439,0.25703
-0.02217,0.09035,0.08262,0.18326
-0.02516,0.10215,0.07592,0.16933
-0.0293,0.11228,0.09358,0.22713
-0.02634,0.09504,0.02534,0.23505
-0.02979,0.11577,0.09184,0.22134
-0.02887,0.07287,0.0469,0.22131
-0.03662,0.1027,0.07194,0.25432
-0.02688,0.08102,0.06687,0.22453
-0.02753,0.08448,0.02929,0.24003
-0.02662,0.08499,0.08547,0.18409
-0.02868,0.10225,0.10334,0.25518
-0.03015,0.12853,0.07937,0.20397
-0.02707,0.09089,0.03841,0.1963
-0.03093,0.07459,0.06388,0.19714
-0.02226,0.15367,0.041,0.16147
-0.02869,0.10473,0.06987,0.18732
-0.02814,0.09606,0.03698,0.2519
-0.01635,0.06433,0.0541,0.16247
-0.01887,0.10814,0.07348,0.1765
-0.02055,0.04403,0.03434,0.16063
-0.02841,0.11593,0.06605,0.17657
-0.03001,0.11202,0.08071,0.18858
-0.0302,0.06298,0.0782,0.23771
-0.02754,0.08494,0.06115,0.18416
-0.02532,0.10008,0.06273,0.1797
-0.02802,0.10537,0.07149,0.18946
-0.02475,0.08017,0.05976,0.13514
-0.0142,0.11718,0.07836,0.10282
-0.03349,0.07412,0.06,0.23873
-0.02293,0.12686,0.06311,0.20625
-0.03714,0.11776,0.06564,0.31646
-0.0317,0.10098,0.07093,0.23323
-0.02435,0.12593,0.04774,0.18138
-0.0294,0.09013,0.06539,0.19637
-0.02135,0.07928,0.01546,0.1932
-0.02975,0.0962,0.09838,0.24324
-0.0255,0.09192,0.07642,0.17671
-0.03359,0.09872,0.02629,0.28829
-0.03338,0.06232,0.04409,0.25536
-0.02754,0.08189,0.08996,0.18121
-0.02594,0.10809,0.09427,0.19725
-0.02131,0.07477,0.08895,0.14797
-0.02598,0.12042,0.08601,0.18565
-0.04049,0.07908,0.08993,0.29744
-0.0212,0.0917,0.0807,0.15453
-0.02862,0.11007,0.04945,0.21174
-0.02629,0.08994,0.07147,0.21413
-0.01397,0.05955,-0.01487,0.13217
-0.03529,0.07813,0.07029,0.26787
-0.03317,0.09214,0.07833,0.23447
-0.0202,0.06405,0.08286,0.14711
-0.03271,0.07311,0.09215,0.22058
-0.02255,0.03503,0.0489,0.15454
-0.03776,0.09594,0.06107,0.28189
-0.03505,0.05691,0.05314,0.26433
-0.02485,0.06179,0.0557,0.16988
-0.02831,0.09705,0.06041,0.21325
-0.01757,0.09954,0.06646,0.11919
-0.03786,0.09584,0.08242,0.2926
-0.03081,0.05639,0.06895,0.22794
-0.03198,0.05637,0.04662,0.26651
-0.01068,0.1044,0.06433,0.14539
-0.02624,0.05169,0.02752,0.21864
-0.02839,0.08073,0.06414,0.20342
-0.02471,0.10806,-0.01212,0.17141
-0.01702,0.08445,0.0269,0.16789
-0.03896,0.10652,0.06311,0.28068
-0.02224,0.123,0.07245,0.19761
-0.0259,0.0687,0.07848,0.165
-0.03376,0.08997,0.0735,0.2416
-0.02469,0.08141,0.07261,0.19231
-0.03144,0.10804,0.07053,0.25733
-0.0292,0.13393,0.05898,0.21132
-0.01666,0.11724,0.08038,0.16393
-0.02226,0.11883,0.06747,0.21449
-0.02863,0.14777,0.07714,0.19289
-0.02382,0.06701,0.04989,0.17992
-0.02473,0.05497,0.07465,0.14867
-0.03561,0.06842,0.05545,0.25099
-0.03108,0.05286,0.07972,0.21468
-0.01816,0.05811,-0.00835,0.16135
-0.02936,0.08624,0.04407,0.23777
-0.01264,0.04748,-0.01836,0.12281
-0.03274,0.04588,0.08298,0.22775
-0.02679,0.07226,0.05308,0.17637
-0.02967,0.10652,0.08383,0.20004
-0.03156,0.07149,0.0418,0.25535
-0.01734,0.08593,0.08727,0.1242
-0.03324,0.07522,0.06771,0.23827
-0.02644,0.07901,0.05264,0.21001
-0.02639,0.12285,0.05944,0.18737
-0.02678,0.08217,0.06617,0.22655
-0.03399,0.11991,0.08924,0.24215
-0.02798,0.05874,0.06579,0.15469
-0.02647,0.10187,0.05442,0.19574
-0.0261,0.10672,0.07467,0.15571
-0.0349,0.11401,0.06498,0.23802
-0.0302,0.09397,0.06978,0.16277
-0.03457,0.08725,0.07715,0.2474
-0.02232,0.10778,0.07181,0.16914
-0.03136,0.10545,0.0733,0.20517
-0.03389,0.06621,0.06996,0.22982
-0.03796,0.117,0.06629,0.29805
-0.02186,0.08201,0.07331,0.1739
-0.03762,0.07904,0.065,0.30376
-0.01598,0.06183,0.07443,0.12364
-0.02788,0.1044,0.06192,0.20723
-0.03071,0.09886,0.09566,0.217
-0.02228,0.09488,0.0419,0.13875
-0.03373,0.13357,0.03043,0.24056
-0.03274,0.09756,0.03805,0.23507
-0.00569,0.10057,0.07228,0.08131
-0.01841,0.08901,0.0236,0.14971
-0.02489,0.10764,0.0697,0.15774
-0.02718,0.07191,0.06758,0.18771
-0.02746,0.08864,0.06001,0.2136
-0.02426,0.12628,0.02097,0.17955
-0.02797,0.11002,0.07462,0.18756
-0.03741,0.09842,0.06478,0.27023
-0.02484,0.10143,0.05258,0.20956
-0.03283,0.10368,0.08989,0.21142
-0.03866,0.13355,0.06528,0.29498
-0.03576,0.08189,0.07006,0.26278
-0.0357,0.08558,0.06625,0.26565
-0.02723,0.08996,0.05341,0.22126
-0.03177,0.09051,0.09201,0.20128
-0.02064,0.07522,0.076,0.13299
-0.02483,0.10211,0.08575,0.19824
-0.02932,0.09396,0.0785,0.21302
-0.03661,0.12473,0.10291,0.27733
-0.03383,0.11078,0.05442,0.28534
-0.02701,0.10301,0.06273,0.20025
-0.03435,0.11207,0.10831,0.21875
-0.03466,0.12189,0.08692,0.22928
-0.02551,0.09896,0.08203,0.19035
-0.03496,0.10251,0.08139,0.27579
-0.03089,0.11188,0.10422,0.23485
-0.0328,0.08913,0.08167,0.2438
-0.03307,0.10098,0.09459,0.26038
-0.03313,0.0918,0.0648,0.25811
-0.02101,0.12307,0.08661,0.15912
-0.03642,0.11483,0.09855,0.24638
-0.02736,0.08742,0.10233,0.13664
-0.01491,0.11403,0.0789,0.14176
-0.03439,0.07568,0.06688,0.24284
-0.02794,0.14741,0.02461,0.23095
-0.02445,0.07887,0.05956,0.1834
-0.03545,0.08515,0.07715,0.27913
-0.03216,0.11639,0.05455,0.24384
-0.0308,0.08573,0.10614,0.18567
-0.03879,0.08106,0.10771,0.26357
-0.03563,0.0828,0.06949,0.28024
-0.02329,0.14795,0.07148,0.13084
-0.02265,0.11885,0.08821,0.16269
-0.0247,0.13942,0.07508,0.21349
-0.03516,0.0936,0.06575,0.26367
-0.00898,0.11966,0.07057,0.11313
-0.03658,0.11761,0.07654,0.24922
-0.02491,0.06163,0.05568,0.16753
-0.02675,0.08053,0.09549,0.17928
-0.01875,0.11792,0.05905,0.16725
-0.0358,0.12675,0.08708,0.267
-0.02832,0.1163,0.07738,0.23991
-0.01795,0.10045,0.06043,0.14856
-0.00766,0.12327,0.0622,0.13402
-0.0169,0.11338,0.03485,0.17793
-0.01184,0.05174,-0.02017,0.11944
-0.0216,0.09451,0.03882,0.1486
-0.02602,0.12155,0.08654,0.18713
-0.03067,0.06581,0.06602,0.23013
-0.02868,0.12876,0.0818,0.22079
-0.00846,0.13573,0.07038,0.09884
-0.02394,0.06894,0.08443,0.16401
-0.02722,0.0499,0.07538,0.19505
-0.02568,0.10624,0.0787,0.20291
-0.03628,0.12767,0.09891,0.2491
-0.0108,0.11541,0.08123,0.1054
-0.02661,0.11981,0.07222,0.17902
-0.02632,0.13319,0.06409,0.20951
-0.03084,0.09862,0.06048,0.25946
-0.03205,0.1115,0.08038,0.21235
-0.03956,0.08512,0.09047,0.31416
-0.03148,0.06965,0.10759,0.18003
-0.03116,0.11438,0.10116,0.24394
-0.03466,0.07777,0.06715,0.23511
-0.03276,0.10288,0.07985,0.24351
-0.02792,0.09665,0.0766,0.20296
-0.02874,0.10937,0.04994,0.22073
-0.03657,0.09468,0.09038,0.25771
-0.03889,0.10543,0.10483,0.26891
-0.02329,0.09157,0.09098,0.1356
-0.02471,0.10899,0.0539,0.14183
-0.03383,0.13708,0.07813,0.23151
-0.03079,0.15073,0.05841,0.21578
-0.03208,0.13668,0.06749,0.26415
-0.03518,0.09491,0.06155,0.28796
-0.04115,0.09823,0.05917,0.34228
-0.02001,0.09752,0.03953,0.20856
-0.0013,0.12486,0.08462,0.05099
-0.03502,0.1246,0.0809,0.28699
-0.01515,0.09659,0.07789,0.13685
-0.01942,0.0664,0.06138,0.18455
-0.02886,0.10334,0.07596,0.21498
-0.02449,0.08686,0.09216,0.1684
-0.01723,0.10722,0.09792,0.12335
-0.00131,0.10204,0.05739,0.07209
-0.02797,0.11958,0.06886,0.2165
-0.03241,0.08432,0.06076,0.2141
-0.03575,0.08925,0.09853,0.25084
-0.02676,0.07998,0.06786,0.1707
-0.03674,0.13033,0.07956,0.27197
-0.02461,0.10799,0.10856,0.16664
-0.02598,0.11011,0.09993,0.15622
-0.0268,0.07696,0.0851,0.17647
-0.02804,0.07419,0.06016,0.20162
-0.02702,0.11484,0.06391,0.20079
-0.03745,0.12223,0.07739,0.27679
-0.03173,0.10996,0.07991,0.22907
-0.01778,0.1185,0.09517,0.16422
-0.02942,0.11384,0.03063,0.24731
-0.03067,0.06707,0.07597,0.2034
-0.03122,0.10819,0.07095,0.21328
-0.03365,0.11436,0.05102,0.24921
-0.03632,0.12508,0.07223,0.29799
-0.01883,0.08951,0.09257,0.1508
-0.02933,0.10927,0.06842,0.21337
-0.01087,0.09521,0.06883,0.13598
-0.03,0.11707,0.10834,0.20221
-0.03445,0.08782,0.04301,0.27881
-0.0356,0.12488,0.07118,0.27663
-0.03456,0.08304,0.07467,0.2522
-0.03639,0.11103,0.04052,0.30751
-0.03959,0.09596,0.06039,0.31501
-0.01298,0.10498,0.06079,0.08036
-0.02262,0.06117,0.03383,0.17381
-0.0408,0.09329,0.10131,0.30947
-0.0361,0.08377,0.07512,0.28223
-0.03207,0.11597,0.05337,0.23728
-0.03318,0.11337,0.06126,0.24439
-0.0179,0.13852,0.08628,0.16912
-0.03407,0.10054,0.07899,0.27001
-0.03064,0.09538,0.07625,0.23689
-0.03227,0.12598,0.10668,0.19759
-0.03296,0.08932,0.08334,0.20851
-0.02901,0.13929,0.0838,0.19434
-0.02798,0.05847,0.10058,0.16495
-0.02351,0.1013,0.08648,0.13426
-0.03281,0.13208,0.07216,0.22745
-0.02985,0.07991,0.06586,0.18305
-0.03314,0.08556,0.09559,0.23882
-0.03299,0.07949,0.07046,0.2024
-0.02865,0.09965,0.08977,0.21753
-0.02967,0.09369,0.06927,0.19785
-0.02418,0.1259,0.09397,0.15656
-0.02916,0.10215,0.08451,0.21483
-0.02779,0.10911,0.08369,0.2305
-0.02331,0.08167,0.04081,0.16916
-0.02167,0.11523,0.08944,0.14741
-0.01972,0.09031,0.07472,0.11787
-0.03042,0.14778,0.09041,0.21734
-0.02816,0.13742,0.05868,0.20426
-0.01493,0.10135,0.05737,0.17653
-0.03405,0.10099,0.06747,0.26517
-0.03061,0.09605,0.12408,0.18417
-0.0304,0.08606,0.08912,0.16716
-0.04052,0.12617,0.09614,0.29374
-0.01405,0.12246,0.08043,0.13237
-0.02966,0.0852,0.09853,0.23115
-0.03714,0.11336,0.07623,0.28881
-0.02475,0.09017,0.06886,0.1794
-0.03673,0.09299,0.09059,0.25139
-0.02555,0.0949,0.04338,0.16632
-0.03667,0.1211,0.06672,0.27712
-0.03714,0.11819,0.10045,0.26325
-0.02906,0.07719,0.08434,0.20615
-0.03552,0.09162,0.11289,0.19763
-0.02045,0.13722,0.09096,0.15621
-0.02868,0.08929,0.10766,0.19761
-0.03366,0.07923,0.08348,0.21296
-0.02408,0.132,0.07851,0.18057
-0.02745,0.09916,0.07732,0.16517
-0.03259,0.11304,0.06817,0.24227
-0.03369,0.05332,0.05715,0.26637
-0.02506,0.09005,0.05479,0.1731
-0.0322,0.0503,0.04786,0.23745
-0.03276,0.10947,0.07607,0.24762
-0.02299,0.12803,0.10874,0.16889
-0.02007,0.11945,0.08161,0.12953
-0.03154,0.07795,0.0717,0.2294
-0.02045,0.09026,0.02795,0.16139
-0.03277,0.09133,0.07816,0.24057
-0.00912,0.12811,0.07081,0.11436
-0.022,0.10146,0.05649,0.17494
-0.01096,0.12382,0.03568,0.13409
-0.01388,0.11197,0.07313,0.11736
-0.02089,0.07569,0.0097,0.17119
-0.03394,0.11995,0.06083,0.23177
-0.00306,0.11011,0.05084,0.10023
-0.02592,0.09736,0.03731,0.17606
-0.02138,0.10183,0.04699,0.14997
-0.0196,0.09486,0.02004,0.15352
-0.01048,0.1345,0.03734,0.13543
-0.00816,0.13873,0.05866,0.11667
-0.00405,0.10193,0.05868,0.07739
-0.02551,0.11956,0.07415,0.23014
-0.02635,0.08754,0.09161,0.18762
-0.02738,0.0877,0.06473,0.18161
-0.0271,0.11228,0.06906,0.20764
-0.03193,0.10341,0.08818,0.21543
-0.02517,0.07743,0.07584,0.18234
-0.03131,0.13678,0.03794,0.28203
-0.03286,0.08219,0.06412,0.23376
-0.02908,0.08585,0.09183,0.17108
-0.03136,0.10364,0.07587,0.21227
-0.0188,0.10842,0.0882,0.14348
-0.04216,0.08489,0.07913,0.32464
-0.02089,0.11972,0.0837,0.21603
-0.04026,0.12423,0.10826,0.31435
-0.03629,0.13482,0.08305,0.25676
-0.02696,0.0715,0.02966,0.23251
-0.02912,0.10004,0.0684,0.19611
-0.02926,0.10117,0.09863,0.20026
-0.02681,0.08109,0.05578,0.16681
-0.02556,0.10415,0.08517,0.1832
-0.03066,0.0649,0.06042,0.18922
-0.01943,0.06999,0.06599,0.16156
-0.0302,0.08828,0.08992,0.20027
-0.03128,0.08016,0.10798,0.21778
-0.03904,0.11505,0.08458,0.28912
-0.02043,0.15052,0.05746,0.1747
-0.0304,0.0988,0.07071,0.21691
-0.02784,0.11241,0.05642,0.2234
-0.01213,0.12215,0.08022,0.11612
-0.03332,0.077,0.06653,0.23851
-0.0189,0.06106,0.06712,0.17816
-0.02675,0.08176,0.08957,0.20933
-0.0263,0.12279,0.0892,0.23322
-0.03366,0.12958,0.07146,0.2645
-0.02502,0.12065,0.00787,0.19468
-0.00862,0.12595,0.07243,0.11029
-0.03849,0.06782,0.06762,0.2668
-0.02385,0.13958,0.07476,0.2107
-0.03027,0.12369,0.07976,0.23833
-0.02684,0.05922,0.02233,0.22803
-0.02167,0.15733,0.08987,0.2063
-0.02892,0.06846,0.05625,0.21549
-0.01024,0.12373,0.05733,0.14931
-0.02362,0.0993,0.04617,0.19458
-0.02376,0.09902,0.02738,0.20461
-0.03144,0.09549,0.06208,0.21487
-0.00036,0.08952,0.04689,0.06616
-0.03183,0.11055,0.07003,0.23275
-0.02797,0.07002,0.06563,0.2054
-0.01286,0.05066,-0.01753,0.12504
-0.03657,0.1005,0.10847,0.25416
-0.02968,0.10589,0.06866,0.229
-0.02566,0.07153,0.05815,0.16356
-0.03093,0.04279,0.06155,0.24504
-0.02916,0.11521,0.07526,0.20172
-0.00955,0.10423,0.087,0.08696
-0.04011,0.15424,0.0674,0.32535
-0.03233,0.09285,0.08184,0.22851
-0.01716,0.06582,0.00255,0.13845
-0.02404,0.08437,0.07367,0.14802
-0.03598,0.12031,0.07078,0.24321
-0.02186,0.09453,0.0525,0.14081
-0.02904,0.11052,0.03601,0.17647
-0.02914,0.1045,0.07181,0.18055
-0.02156,0.10211,0.06674,0.13497
-0.03338,0.0841,0.08948,0.24013
-0.03232,0.13295,0.08592,0.25691
-0.02846,0.12036,0.08007,0.22964
-0.01949,0.07806,0.07626,0.15474
-0.03626,0.0969,0.07373,0.28226
-0.02949,0.09728,0.07476,0.18381
-0.02691,0.12822,0.04471,0.22882
-0.03344,0.114,0.08922,0.25815
-0.00819,0.1053,0.06828,0.12316
-0.02338,0.1114,0.05932,0.18464
-0.02146,0.06483,0.07729,0.1645
-0.03259,0.04205,0.05781,0.22056
-0.0244,0.10511,0.07476,0.18435
-0.01951,0.11262,0.06056,0.13461
-0.03818,0.06761,0.06261,0.29228
-0.03177,0.05724,0.07323,0.21421
-0.04172,0.08025,0.07756,0.30605
-0.03086,0.09172,0.06656,0.22632
-0.03214,0.06063,0.039,0.21009
-0.02678,0.0717,0.03858,0.20756
-0.0323,0.0819,0.07243,0.21979
-0.03305,0.07952,0.0658,0.2572
-0.04092,0.10845,0.07239,0.30748
-0.03212,0.10909,0.06656,0.25206
-0.02021,0.07828,0.05006,0.17036
-0.02631,0.09469,0.08514,0.21119
-0.03305,0.09291,0.07636,0.26738
-0.02669,0.10208,0.0419,0.19839
-0.0263,0.08669,0.05327,0.18493
-0.03025,0.03188,0.05425,0.23783
-0.03112,0.05897,0.05376,0.22977
-0.02381,0.11827,0.07305,0.16186
-0.03478,0.08931,0.0745,0.22674
-0.03024,0.08946,0.06298,0.23708
-0.02511,0.1085,0.07162,0.15878
-0.03022,0.10764,0.05292,0.20668
-0.02743,0.07964,0.07609,0.18675
-0.02763,0.10387,0.08782,0.19814
-0.02997,0.07219,0.04077,0.2052
-0.03221,0.09994,0.0609,0.22136
-0.03466,0.07203,0.08248,0.24069
-0.02704,0.09008,0.07574,0.20148
-0.02782,0.07304,0.07006,0.21506
-0.01843,0.06606,0.00644,0.15252
-0.01725,0.10565,0.07038,0.13108
-0.01025,0.06277,0.04383,0.14315
-0.01344,0.12314,0.06133,0.14939
-0.02726,0.11537,0.08644,0.22381
-0.02647,0.11637,0.08798,0.1791
-0.0284,0.1,0.03557,0.22552
-0.01776,0.12465,0.08271,0.16794
-0.02579,0.1166,0.05451,0.188
-0.03689,0.10152,0.09094,0.23318
-0.01113,0.13299,0.08761,0.12387
-0.01694,0.07229,0.04441,0.13538
-0.03439,0.08203,0.08508,0.24904
-0.02143,0.0858,0.08219,0.15579
-0.03516,0.06471,0.06305,0.2677
-0.03973,0.07266,0.06847,0.33633
-0.02437,0.10602,0.06267,0.18427
-0.00631,0.09082,0.0736,0.09781
-0.02618,0.11754,0.0788,0.19445
-0.01979,0.08951,0.0204,0.17028
-0.02881,0.07941,0.05391,0.20711
-0.01662,0.12165,0.07052,0.15441
-0.03085,0.06932,0.07502,0.21426
-0.01603,0.1328,0.06183,0.12588
-0.03288,0.07873,0.06016,0.21918
-0.01741,0.11293,0.08417,0.15457
-0.02797,0.12798,0.04611,0.22739
-0.02543,0.10115,0.06273,0.21388
-0.02697,0.11286,0.03971,0.19508
-0.03475,0.11877,0.04965,0.28174
-0.02725,0.09343,0.04636,0.21891
-0.02484,0.11699,0.08092,0.1833
-0.01379,0.14194,0.04249,0.10784
-0.02936,0.11776,0.08749,0.20494
-0.0246,0.11297,0.06044,0.23088
-0.03153,0.08038,0.0723,0.22337
-0.02562,0.07428,0.06734,0.17641
