outbreaks,longitude,latitude
NA,23481.0,193788.0
NA,25419.0,191087.0
NA,25649.0,172617.0
NA,25748.0,190278.0
NA,26081.0,192445.0
NA,26252.9,175196.4
NA,26529.0,194266.0
NA,26940.0,194632.0
NA,26974.1,197770.4
NA,27113.0,186740.0
NA,27139.0,189901.0
NA,27161.0,179250.0
NA,27184.0,177686.0
NA,27348.0,199232.0
NA,27348.0,181332.0
NA,27381.0,171539.0
NA,27630.0,195792.0
NA,27683.0,199018.0
NA,27795.0,189658.0
NA,27802.0,186424.0
NA,27810.0,171384.0
NA,28237.0,193942.0
NA,28247.0,173853.0
NA,28300.0,170097.0
NA,28515.0,187918.0
NA,28538.0,195632.0
NA,28626.0,186217.0
NA,28656.0,177903.0
NA,28819.0,192842.0
NA,28893.0,180803.0
NA,28920.0,187385.0
NA,29139.0,188370.0
NA,29196.0,173404.0
NA,29200.0,170525.0
NA,29285.0,168591.0
NA,29315.0,189604.0
NA,29349.0,186003.0
NA,29437.0,200542.0
NA,29494.0,173774.0
NA,29515.0,172418.0
NA,29537.0,181275.0
NA,29566.0,180625.0
NA,29608.0,179342.0
NA,29665.0,185926.0
NA,29674.0,183434.0
NA,29704.0,200417.0
NA,29818.0,189101.0
NA,29841.0,176504.0
NA,30060.0,177863.0
NA,30195.0,187259.0
NA,30635.0,178187.0
NA,30794.0,173121.0
NA,30952.0,194401.0
NA,31166.0,170596.0
NA,31174.0,189381.0
NA,31240.0,178020.0
NA,31267.0,169375.0
NA,31420.0,173835.0
NA,31552.0,201689.0
NA,31650.0,171374.0
NA,31718.0,198988.0
NA,31724.0,188569.0
NA,31885.0,169210.0
NA,31936.0,191925.0
NA,31979.0,178461.0
NA,31984.0,184011.0
NA,32137.0,199102.0
NA,32313.0,176861.0
NA,32506.0,178197.0
NA,32612.0,173254.0
NA,32671.0,197493.0
NA,32746.0,179267.0
NA,33009.0,179914.0
NA,33093.0,200786.0
NA,33106.0,200791.0
NA,33112.0,200792.0
NA,33195.0,188811.0
NA,33476.0,178423.0
NA,33481.0,192614.0
NA,33675.0,178880.0
NA,33735.0,178996.0
NA,33976.0,180871.0
NA,34090.0,195899.0
NA,34104.0,196503.0
NA,34125.0,191237.0
NA,34307.0,191150.0
NA,34358.0,186382.0
NA,34380.0,174761.0
NA,34413.0,179215.0
NA,34422.0,187781.0
NA,34504.0,179335.0
NA,34519.0,178599.0
NA,34556.0,184827.0
NA,34639.0,186999.0
NA,34801.0,190080.0
NA,35118.0,187767.0
NA,35192.0,193767.0
NA,35519.0,201586.0
NA,35892.0,187978.0
NA,35980.0,175763.0
NA,36029.0,190878.0
NA,36364.0,181687.0
NA,36607.0,186987.0
NA,36608.0,196117.0
NA,36827.0,196070.0
NA,36858.0,180090.0
NA,36892.0,183114.0
NA,36940.0,179816.0
NA,36966.0,184578.0
NA,36990.0,190487.0
NA,36996.0,181912.0
NA,37292.0,175007.0
NA,37304.0,167145.0
NA,37390.0,176613.0
NA,37571.0,186825.0
NA,37590.0,170923.0
NA,37786.0,186184.0
NA,37838.0,177921.0
NA,37866.0,179559.0
NA,37866.0,179559.0
NA,38031.0,163116.0
NA,38194.0,169390.0
NA,38508.0,173048.0
NA,38659.0,166785.0
NA,38786.0,169588.0
NA,38889.0,205721.0
NA,38899.0,167644.0
NA,39237.0,179215.0
NA,39253.0,162732.0
NA,39392.0,160389.0
NA,39490.0,200834.0
NA,39535.0,181810.0
NA,39582.0,162926.0
NA,39653.0,180632.0
NA,39666.0,168780.0
NA,39769.0,177613.0
NA,40158.0,181154.0
NA,40242.0,171398.0
NA,40277.0,158043.0
NA,40343.0,162115.0
NA,40369.0,180877.0
NA,40413.0,177089.0
NA,40445.0,206550.0
NA,40580.0,173401.0
NA,40625.0,165224.0
NA,40639.0,160872.0
NA,40716.4,204523.0
NA,40891.0,165899.0
NA,40980.0,177604.0
NA,41029.0,165558.0
NA,41029.0,165558.0
NA,41145.0,176301.0
NA,41312.0,191677.0
NA,41356.0,159399.0
NA,41356.0,159399.0
NA,41364.0,199684.0
NA,41645.0,175445.0
NA,41694.0,194639.0
NA,41713.0,174909.0
NA,41861.0,195196.0
NA,41877.9,195107.8
NA,41929.0,193139.0
NA,42417.0,194290.0
NA,42475.0,158983.0
NA,42496.0,172425.0
NA,42517.0,172420.0
NA,42532.0,158873.0
NA,42603.0,176363.0
NA,42610.0,165080.0
NA,42643.0,186117.0
NA,42675.0,163274.0
NA,43150.0,177971.0
NA,43320.0,159456.0
NA,43374.0,181096.0
NA,43416.0,165247.0
NA,43482.0,185963.0
79,43599.0,184541.0
NA,43608.0,178120.0
NA,43722.0,184613.0
NA,43760.0,180883.0
NA,43775.0,169979.0
NA,43803.0,199026.0
NA,43804.0,167678.0
NA,43806.0,181604.0
NA,44111.0,182934.0
NA,44287.0,176320.0
NA,44303.0,175431.0
NA,44318.0,180357.0
NA,44390.0,188248.0
NA,44481.0,163989.0
NA,44487.0,209937.0
NA,44492.0,177653.0
NA,44523.0,184662.0
NA,44670.0,184087.0
NA,44670.0,184087.0
NA,44670.0,184087.0
NA,44956.0,169003.0
NA,45098.0,176321.0
NA,45162.0,157502.0
NA,45250.9,196841.8
NA,45390.0,177534.0
NA,45487.0,202939.0
NA,45633.0,167988.0
NA,45808.0,158620.0
NA,45822.0,183587.0
NA,45826.0,176080.0
NA,45826.0,163748.0
NA,46093.0,170631.0
NA,46159.0,163446.0
NA,46163.0,206765.0
NA,46207.0,188254.0
NA,46253.0,191858.0
NA,46292.0,167490.0
NA,46306.0,196276.0
NA,46345.0,187857.0
NA,46358.9,198768.9
NA,46382.0,197943.0
NA,46514.0,168290.0
NA,46606.0,178633.0
NA,46627.0,175795.0
NA,46627.0,175795.0
NA,46634.0,168881.0
NA,46801.0,167227.0
NA,46867.0,155798.0
NA,46925.0,178342.0
NA,47074.0,176225.0
NA,47140.0,196050.0
NA,47156.0,198665.0
NA,47203.0,197665.0
NA,47241.0,167294.0
NA,47302.0,173929.0
NA,47346.0,176636.0
NA,47363.0,179466.0
NA,47414.0,177912.0
NA,47424.0,195982.0
NA,47454.0,204547.0
NA,47486.0,184659.0
NA,47496.0,176719.0
NA,47496.0,166316.0
NA,47546.0,199165.0
NA,47575.0,189606.0
NA,47734.0,187478.0
NA,47737.0,205055.0
NA,47764.0,179171.0
NA,48008.0,193715.0
NA,48052.0,184080.0
NA,48052.0,184080.0
NA,48052.0,184080.0
NA,48055.0,160538.0
NA,48058.0,189783.0
NA,48058.0,189783.0
NA,48061.0,196318.0
NA,48061.0,196318.0
NA,48133.0,162664.0
NA,48205.0,189857.0
NA,48409.0,194742.0
NA,48409.0,194742.0
20,48517.0,190012.0
NA,48589.0,169515.0
NA,48608.0,159546.0
NA,48649.0,208489.0
21,48688.0,175695.0
NA,48823.0,187594.0
NA,48870.0,188074.0
36,48901.8,176022.2
NA,49146.0,160949.0
NA,49223.0,181272.0
NA,49380.0,179565.0
NA,49405.0,161899.0
NA,49472.0,194252.0
NA,49482.0,174971.0
60,49556.0,179053.0
NA,49565.0,168284.0
NA,49570.0,188680.0
NA,49586.0,169437.0
NA,49625.0,163854.0
NA,49625.0,163862.0
NA,49680.0,178093.0
NA,49745.0,177219.0
NA,49755.0,177196.0
NA,49839.0,168478.0
NA,49952.0,171568.0
NA,49952.0,171568.0
NA,50081.0,166893.0
NA,50103.0,185940.0
NA,50375.0,197516.0
NA,50382.0,170437.0
NA,50402.0,196281.0
NA,50440.0,171809.0
NA,50551.0,168836.0
NA,50635.0,177912.0
NA,50768.0,200234.0
NA,50779.0,193321.0
NA,50819.0,198713.0
NA,50907.0,207231.0
NA,50955.0,167956.0
NA,50956.0,194235.0
NA,50956.0,194235.0
NA,50956.0,194235.0
NA,50956.0,194235.0
NA,50956.0,194235.0
NA,51014.0,196676.0
NA,51070.0,200450.0
NA,51347.0,181152.0
NA,51510.0,163506.0
NA,51613.0,206849.0
NA,51618.0,177951.0
NA,51651.0,179362.0
NA,51692.0,179867.0
NA,51726.0,208237.0
NA,51744.0,180626.0
NA,51779.0,163608.0
NA,51823.0,167601.0
NA,51845.0,200064.0
NA,51954.0,197595.0
NA,51999.0,166444.0
NA,52017.0,181843.0
NA,52023.0,191460.0
NA,52060.0,193887.0
NA,52141.0,171739.0
NA,52285.0,194445.0
NA,52298.0,165840.0
51,52345.0,176457.0
NA,52385.0,178866.0
NA,52564.0,162483.0
NA,52662.0,184436.0
NA,52662.0,184436.0
NA,52722.0,206961.0
NA,53014.0,186485.0
NA,53085.0,197762.0
NA,53115.0,171804.0
NA,53211.0,168117.0
NA,53268.7,169847.1
NA,53275.0,194127.0
NA,53375.0,164860.0
NA,53446.0,173810.0
NA,53563.0,193293.0
NA,53578.0,167029.0
NA,53602.0,167248.0
NA,53677.0,168059.1
NA,53680.0,181271.0
NA,53814.0,170608.0
NA,53875.0,168551.0
NA,53982.0,169123.0
NA,54054.0,202752.0
NA,54208.0,194464.0
NA,54272.3,189416.5
NA,54274.0,206069.0
NA,54331.0,167471.0
NA,54340.0,199667.0
NA,54340.0,199667.0
NA,54381.0,189253.0
NA,54435.0,190153.0
NA,54441.0,170667.0
NA,54448.0,189517.0
NA,54478.0,170935.0
NA,54489.0,172938.0
NA,54549.0,204337.0
NA,54716.0,174844.0
NA,54853.0,173107.0
NA,54853.0,173107.0
NA,54862.8,189063.9
NA,54976.0,196614.0
NA,54980.0,185053.0
NA,55090.0,189867.0
NA,55127.0,170355.0
NA,55142.0,198432.0
NA,55211.0,167717.0
NA,55220.0,195570.0
NA,55222.0,178153.0
NA,55253.0,167445.0
NA,55331.0,165255.0
NA,55729.0,164705.0
NA,55766.0,208113.0
NA,55770.0,165278.0
30,55781.0,178598.0
NA,55781.0,165256.0
NA,55840.0,168774.0
NA,55889.0,210003.0
NA,55895.0,179992.0
NA,55939.0,175821.0
NA,55939.0,177706.0
NA,56074.0,171224.0
NA,56085.0,202767.0
NA,56118.0,207399.0
NA,56121.0,172125.0
NA,56147.0,187068.0
NA,56215.0,202030.0
NA,56215.0,202030.0
NA,56221.0,177911.0
NA,56262.0,208744.0
NA,56285.0,167453.0
NA,56335.0,172183.0
NA,56474.0,193729.0
NA,56506.0,204677.0
NA,56515.0,193487.0
NA,56518.0,183619.0
NA,56629.0,181006.0
NA,56671.0,183720.0
NA,56793.0,204431.0
NA,56794.0,180041.0
53,56859.0,178780.0
NA,56860.0,177838.0
NA,56986.0,187661.0
NA,57030.0,181136.0
45,57113.0,178773.0
22,57172.0,170506.0
NA,57178.0,185537.0
NA,57215.0,210103.0
NA,57241.0,205647.0
NA,57596.0,168737.0
NA,57647.0,187677.0
NA,57688.0,168597.0
NA,57692.0,185444.0
NA,57820.0,176887.0
25,57888.0,168381.0
25,57888.0,168381.0
NA,57889.0,172498.0
72,57954.0,178955.0
NA,57995.0,195286.0
NA,58042.0,182876.0
NA,58185.0,205706.0
NA,58218.0,184243.0
57,58231.0,170833.0
NA,58262.0,202643.0
NA,58343.0,217115.0
NA,58394.0,168744.0
NA,58399.0,181878.0
NA,58519.0,179908.0
NA,58575.0,199373.0
NA,58767.0,201358.0
NA,58929.0,164671.0
NA,59020.0,184394.0
NA,59093.0,201625.0
NA,59342.0,219515.0
NA,59458.0,166097.0
NA,59516.0,178287.0
15,59599.0,168700.0
NA,59599.0,168700.0
NA,59622.0,175273.0
NA,59653.0,174168.0
NA,59960.0,172501.0
NA,59960.0,172501.0
47,59973.0,169187.0
NA,59998.0,203035.0
NA,60215.0,199657.0
NA,60366.0,189572.0
NA,60584.0,180943.0
NA,60628.0,180156.0
NA,60657.0,186098.0
NA,60711.0,171956.0
NA,60774.0,165505.0
65,60921.0,176384.0
76,61074.0,171561.0
NA,61101.0,214467.0
NA,61150.0,204001.0
NA,61150.0,204001.0
NA,61168.0,202937.0
NA,61200.0,206056.0
NA,61241.0,176696.0
NA,61281.0,190280.0
NA,61287.0,178427.0
NA,61321.0,196480.0
NA,61352.0,197504.0
NA,61352.0,197504.0
NA,61371.0,196653.0
NA,61382.0,209751.0
NA,61440.0,207030.0
NA,61526.0,176895.0
NA,61531.0,171937.0
NA,61563.0,215112.0
NA,61586.0,174353.0
NA,61603.0,217154.0
NA,61730.0,203464.0
NA,61830.0,179749.0
NA,61948.0,190110.0
NA,62089.0,187393.0
NA,62271.0,215553.0
NA,62370.0,204453.0
NA,62450.0,215701.0
NA,62481.0,178704.0
NA,62540.0,168515.0
NA,62751.0,177820.0
NA,62774.0,171345.0
NA,62801.0,174983.0
NA,62919.0,204616.0
NA,62950.0,170865.0
NA,63003.0,179279.0
NA,63289.0,189463.0
52,63380.0,189508.0
NA,63410.0,202056.0
NA,63424.0,193238.0
NA,63511.0,188396.0
NA,63684.0,194171.0
61,63728.0,189950.0
71,63837.0,175184.0
78,63850.0,165197.0
NA,63903.0,169842.0
NA,63936.0,187083.0
NA,63946.0,179300.0
NA,64013.0,193287.0
NA,64112.0,205011.0
NA,64255.0,199231.0
NA,64255.0,199231.0
NA,64274.0,192430.0
NA,64448.0,203114.0
NA,64511.0,190831.0
NA,64676.0,184409.0
NA,64687.0,183496.0
NA,64689.0,190227.0
NA,64720.0,201474.0
NA,65023.0,182742.0
23,65046.0,190969.0
NA,65142.0,172729.0
NA,65213.0,200669.0
NA,65213.0,200669.0
NA,65356.0,191735.0
NA,65375.0,199058.0
NA,65387.0,211552.0
35,65420.0,193212.0
NA,65428.0,187213.0
NA,65448.0,194893.0
NA,65458.0,191491.0
NA,65638.0,188438.0
NA,65638.0,188438.0
NA,65638.0,188438.0
NA,65760.0,171867.0
NA,65800.0,181225.0
NA,65829.0,199652.0
NA,65829.0,199652.0
NA,66063.0,177719.0
NA,66063.6,198410.5
NA,66090.0,210478.0
NA,66117.0,193385.0
NA,66120.0,194551.0
NA,66313.0,194167.0
66,66395.0,195941.0
NA,66401.0,220104.0
NA,66419.0,182302.0
NA,66421.0,163260.0
NA,66422.2,163276.8
NA,66439.0,185932.0
NA,66568.0,193796.0
8,66582.0,186682.0
NA,66665.0,188236.0
NA,66718.0,190986.0
NA,66741.0,170349.0
NA,66903.0,175103.0
NA,66989.0,164404.0
NA,67183.0,191061.0
NA,67243.0,194179.0
4,67255.0,172671.0
NA,67276.0,178078.0
NA,67276.0,178078.0
NA,67347.0,190906.0
31,67409.0,214063.0
NA,67495.0,165764.0
NA,67565.0,179796.6
NA,67568.0,187653.0
NA,67569.0,198879.0
NA,67596.0,201299.0
NA,67615.0,197618.0
NA,67628.0,165071.0
80,67685.0,197497.0
NA,67700.0,172285.0
NA,67769.0,177610.0
NA,67806.0,221998.0
NA,68004.0,198530.0
NA,68142.0,187422.0
NA,68173.7,166239.5
NA,68207.0,162362.0
NA,68335.0,165698.0
NA,68394.0,186124.0
NA,68496.0,189050.0
NA,68581.0,222179.0
NA,68678.0,175222.0
NA,68685.0,178363.0
33,68724.0,169007.0
33,68724.0,169007.0
NA,68874.0,176037.0
NA,68884.0,175119.0
NA,68884.0,175119.0
NA,69044.0,184069.0
NA,69061.0,184057.0
NA,69118.0,192175.0
29,69145.0,175343.0
NA,69145.0,175343.0
NA,69174.5,191357.6
NA,69251.0,192144.0
NA,69436.5,174459.8
NA,69441.0,189053.0
NA,69454.0,192137.0
NA,69550.0,175929.0
NA,69629.0,177871.0
NA,69738.0,198411.0
38,69771.0,162496.0
NA,69938.0,174858.0
NA,69949.0,190148.0
NA,69951.0,177442.0
NA,69964.0,162184.0
NA,70005.0,185566.0
NA,70063.0,191440.0
NA,70063.0,191440.0
NA,70063.0,191440.0
NA,70063.0,191440.0
NA,70154.0,191611.0
NA,70274.0,180980.0
NA,70451.0,184629.0
NA,70572.0,178336.0
NA,70633.0,187548.0
NA,71011.0,192641.0
NA,71027.0,195827.0
NA,71029.0,178369.0
NA,71055.0,165802.0
27,71215.0,195635.0
73b,71215.0,195635.0
73a,71341.0,195400.0
67,71359.0,187326.0
67,71359.0,187326.0
NA,71360.0,161520.0
NA,71372.0,161488.0
NA,71399.0,163953.0
NA,71483.0,182366.0
NA,71606.0,182257.0
NA,71708.0,183129.0
NA,71886.9,168077.7
NA,71926.0,186684.0
11,71941.0,195758.0
37,71943.0,195773.0
12,71955.0,197359.0
NA,72050.0,184543.0
NA,72089.0,193974.0
NA,72136.0,200050.0
NA,72145.0,213263.0
NA,72213.0,179979.0
NA,72213.0,179979.0
NA,72213.0,181999.0
NA,72223.0,190675.0
NA,72418.0,188803.0
26,72464.0,197849.0
54,72557.0,202461.0
NA,72633.0,149471.0
NA,72668.0,219733.0
NA,72779.0,183987.0
NA,72795.0,199524.0
13,72894.0,197273.0
NA,72917.0,201896.0
NA,72928.0,187864.0
NA,72940.0,190387.0
NA,72998.0,196015.0
NA,73010.0,195969.0
NA,73077.0,194755.0
NA,73098.0,200394.0
NA,73165.0,154456.0
NA,73311.0,180769.0
NA,73397.0,189963.0
NA,73404.0,160724.0
5,73585.0,197572.0
NA,73600.0,187557.0
NA,73649.0,196934.0
46,73847.0,189535.0
NA,73873.0,179832.0
NA,73892.0,179479.0
NA,73952.0,188513.0
NA,74032.0,189646.0
NA,74068.0,186173.0
NA,74122.0,173249.0
NA,74157.0,191021.0
NA,74214.0,195414.0
NA,74215.0,207168.0
NA,74230.0,190618.0
NA,74230.0,190639.0
NA,74246.0,164934.0
NA,74276.0,178632.0
NA,74282.0,158936.0
NA,74322.0,159908.0
NA,74337.0,176452.0
NA,74342.0,186195.0
NA,74350.0,178344.0
NA,74484.0,176258.0
14,74507.0,187455.0
NA,74650.0,178159.0
NA,74772.0,196883.0
NA,74802.0,181674.0
NA,74831.0,180412.0
NA,74946.0,160983.0
NA,75000.0,154043.0
NA,75077.3,217820.6
NA,75090.0,182308.0
NA,75094.0,181104.0
18b,75324.0,192323.0
NA,75341.0,223292.0
NA,75344.0,160257.0
NA,75352.0,185142.0
NA,75364.0,203093.0
58,75425.0,193173.0
NA,75447.0,189457.0
NA,75464.0,138639.0
18,75487.0,192187.0
NA,75531.0,184871.0
NA,75534.0,177546.0
NA,75560.0,184828.0
NA,75571.0,183807.0
17,75658.0,189142.0
7,75748.0,180045.0
16,75776.0,188703.0
NA,75839.0,175258.0
NA,75850.0,164096.0
NA,75933.0,204821.0
NA,75963.0,160179.0
NA,75994.0,192901.0
NA,76045.0,193919.0
NA,76051.0,209600.0
NA,76067.0,165543.0
NA,76144.0,181664.0
NA,76162.0,165734.0
NA,76224.0,196205.0
NA,76246.0,166033.0
56,76423.0,191880.0
NA,76470.0,195822.0
NA,76480.0,177660.0
NA,76502.0,176801.0
NA,76515.0,192659.0
NA,76524.0,169839.0
NA,76529.0,165500.0
NA,76660.0,221716.0
NA,76770.0,195688.0
69,76776.0,193638.0
NA,76778.0,161197.0
NA,76810.0,169866.0
NA,76829.0,222745.0
NA,76848.0,211481.0
NA,76861.0,157481.0
NA,76915.0,189279.0
NA,76988.0,217235.0
NA,77020.0,191985.0
NA,77020.0,191985.0
NA,77033.0,191916.0
70,77043.0,191869.0
NA,77112.0,192455.0
NA,77203.0,189184.0
NA,77203.0,189184.0
NA,77214.0,186129.0
NA,77233.0,153743.0
NA,77240.0,160008.0
NA,77267.0,143914.0
NA,77413.0,165498.0
NA,77512.0,163561.0
NA,77575.0,217924.0
NA,77586.0,193993.0
NA,77655.0,191352.0
NA,77656.0,161596.0
NA,77758.0,183200.0
NA,77844.0,183336.0
NA,77907.0,219383.0
NA,77925.0,192104.0
NA,77938.0,211440.0
NA,77993.0,211451.0
NA,78046.0,179562.0
NA,78064.0,214907.0
NA,78096.0,191592.0
28,78098.0,198814.0
NA,78211.3,174832.3
NA,78268.0,189934.0
NA,78368.0,179237.0
NA,78506.0,183865.0
NA,78517.0,148945.0
75,78522.0,182843.0
NA,78522.0,182843.0
NA,78624.0,183003.0
NA,78658.0,215388.0
NA,78766.0,185290.0
NA,78770.0,179116.0
NA,78773.0,179417.0
NA,78783.0,220906.0
42,78791.0,201203.0
NA,78804.0,170558.0
NA,78837.0,154228.0
NA,78863.0,180822.0
NA,78943.0,211699.0
NA,78997.0,194769.0
49,79002.0,170554.0
64,79053.0,198174.0
NA,79053.0,198174.0
NA,79066.0,181035.0
NA,79086.0,208220.0
NA,79092.0,213562.0
NA,79121.2,176312.5
74,79144.0,193997.0
NA,79237.0,185586.0
NA,79313.0,223902.0
NA,79390.0,192916.0
NA,79396.0,191504.0
62,79535.0,170638.0
NA,79551.0,187795.0
NA,79555.0,185723.0
NA,79615.0,176226.0
NA,79681.0,179852.0
81,79683.0,170507.0
NA,79723.0,191376.0
NA,79766.0,150291.0
NA,79785.0,175473.0
NA,79806.0,192511.0
NA,79809.0,176188.0
NA,79919.0,184739.0
NA,80047.0,192382.0
NA,80085.0,191549.0
NA,80118.0,174468.0
NA,80152.0,188821.0
NA,80155.0,202675.2
NA,80181.0,189235.0
NA,80272.0,187885.0
NA,80283.0,187851.0
NA,80287.3,187871.2
NA,80428.0,168803.0
NA,80449.0,197550.0
NA,80480.0,182648.0
NA,80587.0,168983.0
NA,80682.0,188927.0
NA,80728.0,163682.0
NA,80734.0,193778.0
NA,80746.0,174571.0
NA,80775.0,192463.0
NA,80792.0,193725.0
NA,80860.0,171023.0
NA,80914.0,166795.0
NA,80942.0,196693.0
NA,80981.0,166619.0
9,81024.0,194781.0
NA,81114.0,166345.0
NA,81146.0,168461.0
NA,81155.0,167482.0
NA,81189.0,174345.0
NA,81204.0,186495.0
NA,81215.0,202981.0
NA,81229.9,176652.7
NA,81251.0,210777.0
NA,81307.0,167306.0
NA,81309.0,195239.0
NA,81342.0,174140.0
NA,81361.0,195204.0
NA,81409.0,174157.0
NA,81450.0,197306.0
NA,81479.0,173552.0
NA,81480.0,151830.0
32,81507.0,187529.0
NA,81517.0,163443.0
NA,81526.0,196258.0
NA,81632.0,142949.0
NA,81640.0,214583.0
NA,81677.0,173388.0
NA,81753.0,170918.0
NA,81760.0,179984.0
NA,81778.0,187494.0
NA,81822.1,179890.6
NA,81842.0,158438.0
NA,81897.0,161174.0
34,81946.1,197159.2
NA,81951.0,187049.0
NA,81979.0,197155.0
NA,82035.0,196585.0
48,82039.0,195070.0
NA,82063.0,182491.0
77,82085.0,194309.0
39,82116.0,197099.0
NA,82193.0,164887.0
6,82219.0,190326.0
NA,82238.0,166512.0
NA,82257.0,186962.0
NA,82261.0,202537.0
NA,82267.0,205794.0
50,82268.0,197064.0
44,82283.0,187422.0
44,82283.0,187422.0
55,82310.0,194104.0
NA,82375.0,164047.0
10,82421.0,190442.0
NA,82470.0,144470.0
82,82487.0,191226.0
NA,82555.0,211653.0
NA,82615.0,188336.0
24,82665.0,182781.0
NA,82691.0,188329.0
NA,82761.0,164833.0
NA,82792.0,191929.0
NA,82796.0,201118.0
NA,82796.0,201118.0
NA,82872.0,181940.0
NA,82970.0,191508.0
NA,82988.0,185010.0
NA,83035.0,171251.0
NA,83035.0,171310.0
NA,83075.0,193894.0
NA,83087.0,193895.0
NA,83183.0,191255.0
NA,83231.0,201134.0
NA,83250.0,193905.0
NA,83288.0,191931.0
NA,83406.0,184237.0
3,83462.0,189345.0
NA,83465.0,197440.0
NA,83473.0,180928.0
NA,83496.0,174689.0
NA,83616.0,185508.0
NA,83721.0,213119.0
NA,83722.0,182150.0
NA,83730.0,185003.0
NA,83787.0,134486.0
NA,83901.0,201615.0
NA,83914.0,202616.0
NA,83916.0,169315.0
NA,83923.0,203011.0
NA,83962.0,189116.0
2,83980.9,192022.8
NA,83986.0,192004.0
NA,84024.0,173437.0
NA,84108.0,189186.0
NA,84135.0,209937.0
NA,84385.0,186312.0
NA,84504.0,165647.0
NA,84661.0,184770.0
NA,84707.7,189906.6
NA,84742.0,191741.0
NA,84764.0,212381.0
NA,84795.0,133235.0
NA,84795.0,133235.0
NA,84795.0,133235.0
NA,84795.0,133235.0
NA,84795.0,133235.0
NA,84795.0,133235.0
NA,84873.0,188219.0
NA,84901.0,183303.0
NA,84907.0,191490.0
NA,84917.0,196436.0
NA,84936.0,172365.0
NA,84960.0,168356.0
NA,85051.0,182352.0
NA,85076.0,182382.0
NA,85186.0,168094.0
NA,85203.0,203020.0
NA,85225.0,208814.0
NA,85248.0,194698.0
NA,85309.0,167971.0
NA,85340.0,164825.0
NA,85349.0,183102.0
NA,85368.0,177850.0
NA,85377.0,178415.0
40,85382.7,190366.1
NA,85413.0,190938.0
NA,85415.0,166628.0
NA,85415.0,166628.0
NA,85428.0,201759.0
NA,85436.0,174442.0
NA,85530.0,163502.0
NA,85532.0,191770.0
NA,85535.0,182657.0
NA,85609.0,201826.0
NA,85650.0,179894.0
NA,85905.0,183685.0
NA,85905.0,183685.0
NA,85942.0,179309.0
NA,86017.0,191199.0
NA,86028.0,209686.0
NA,86058.0,209622.0
NA,86157.0,180681.0
1,86248.0,192544.0
NA,86309.0,170205.0
NA,86345.0,176245.0
NA,86366.0,186618.0
NA,86582.0,188252.0
NA,86623.0,197330.0
NA,86660.0,179988.0
NA,86685.0,177703.0
NA,86697.0,180761.0
NA,86755.4,201542.8
NA,86785.0,186741.0
NA,86815.0,171654.0
NA,86836.0,180544.5
NA,86854.0,180069.0
NA,86881.0,207579.0
NA,86916.0,191500.0
NA,86971.0,176342.0
NA,87016.0,199209.0
NA,87025.0,185539.0
NA,87099.0,177439.0
NA,87099.0,177439.0
NA,87099.0,177439.0
NA,87147.0,166688.0
NA,87161.0,190013.0
NA,87206.0,178235.0
NA,87221.0,199054.0
NA,87223.0,186132.0
NA,87254.0,175050.0
NA,87254.0,175050.0
NA,87260.0,198967.0
NA,87409.0,171388.0
NA,87464.0,183587.0
NA,87468.0,174504.0
NA,87471.0,190400.0
NA,87484.0,178817.0
NA,87498.0,174546.0
NA,87527.0,188136.0
NA,87574.8,180782.5
NA,87576.0,178711.0
NA,87576.0,179416.0
NA,87579.0,198694.0
NA,87686.0,189928.0
NA,87689.0,204113.0
NA,87690.0,180680.0
NA,87693.0,181954.0
NA,88053.0,182029.0
NA,88084.0,211829.0
NA,88126.0,209736.0
NA,88154.0,205627.8
NA,88154.0,205627.8
NA,88154.0,205627.8
NA,88154.0,205627.8
NA,88154.0,205627.8
NA,88154.0,205627.8
NA,88220.0,172078.0
NA,88275.0,173537.0
NA,88374.0,192365.0
NA,88420.0,159153.0
NA,88451.0,177447.0
NA,88481.9,165807.1
NA,88612.0,178544.0
NA,88653.0,182936.0
NA,88657.0,182746.0
NA,88684.0,175661.0
NA,88808.0,175753.0
NA,88868.0,183332.0
NA,88877.0,162995.0
NA,88920.0,202939.0
NA,88936.0,177253.0
NA,88941.0,174383.0
NA,88955.0,170882.0
NA,89166.0,177600.0
NA,89189.0,211376.0
NA,89209.0,177417.0
NA,89218.0,186819.0
NA,89230.0,174698.0
NA,89268.0,203845.0
NA,89278.0,176990.0
NA,89278.0,176990.0
NA,89278.0,176990.0
NA,89278.0,176990.0
NA,89303.0,189821.0
NA,89309.0,174442.0
NA,89347.0,144398.0
NA,89347.0,144398.0
NA,89350.0,191511.0
NA,89460.0,189892.0
NA,89552.0,202668.0
NA,89577.0,191609.0
NA,89699.0,174180.0
NA,89728.0,207497.0
NA,89770.0,182381.0
NA,89885.0,199526.0
NA,89912.0,175752.0
NA,89941.0,186895.0
NA,90029.0,207410.0
NA,90039.0,193649.0
NA,90062.0,180195.0
NA,90127.0,177119.0
NA,90191.0,212428.0
NA,90198.0,205871.0
NA,90249.0,194799.0
NA,90262.0,177715.0
NA,90355.0,193835.0
NA,90383.0,199616.0
NA,90409.0,175038.0
NA,90468.0,191363.0
NA,90478.0,174349.0
NA,90498.0,191189.0
NA,90564.0,189124.0
NA,90602.0,182993.0
NA,90640.0,189149.0
NA,90647.0,180716.0
NA,90775.0,160126.0
NA,90939.0,159620.0
NA,90973.0,138142.0
NA,90987.0,207698.0
NA,91014.0,192363.0
NA,91074.0,164683.0
NA,91169.0,145122.0
NA,91182.0,193865.0
NA,91208.0,194019.0
NA,91243.0,199220.0
NA,91248.0,160075.0
NA,91320.0,170119.0
NA,91392.0,135640.0
NA,91446.0,169436.0
NA,91497.0,192554.0
NA,91548.0,218461.0
NA,91601.0,180660.0
NA,91604.0,178417.0
NA,91641.0,192170.0
NA,91720.0,182242.0
NA,91736.0,218778.0
NA,91790.0,174277.0
NA,91850.0,154914.0
NA,91852.0,169149.0
NA,91856.0,215398.0
NA,91874.5,208332.5
NA,91922.0,192903.0
NA,91922.0,192903.0
NA,91922.0,192903.0
NA,91922.0,192903.0
NA,91922.0,192903.0
NA,91922.0,192903.0
NA,92050.0,182360.0
NA,92092.0,179804.0
NA,92099.0,157899.0
NA,92138.0,182679.0
NA,92158.0,202038.0
NA,92283.0,215128.0
NA,92382.0,179101.0
NA,92383.0,165241.0
NA,92557.0,215297.0
NA,92668.0,140411.0
NA,92786.0,140347.0
NA,92857.0,180526.0
NA,92865.0,213171.0
NA,92898.0,203491.0
NA,93077.0,193062.0
NA,93108.0,189030.0
NA,93123.0,193199.0
NA,93183.0,142357.0
NA,93266.0,143300.0
NA,93308.0,182471.0
NA,93358.0,174294.0
NA,93364.0,209254.0
NA,93364.0,178394.0
NA,93373.0,181205.0
NA,93416.0,155417.0
NA,93416.0,155417.0
NA,93467.0,215464.0
NA,93498.8,203908.1
NA,93578.0,164019.0
NA,93622.0,166471.0
NA,93661.0,181664.0
NA,93662.0,215306.0
NA,93788.0,143287.0
NA,93838.0,182342.0
NA,93922.8,179535.5
NA,93934.0,181904.0
NA,93953.0,213788.0
NA,94027.0,178914.0
NA,94112.0,212724.0
NA,94125.0,162235.0
NA,94137.0,156454.8
NA,94193.0,213760.0
NA,94236.0,183938.0
NA,94241.0,218206.0
NA,94291.0,211946.0
NA,94291.0,211946.0
NA,94291.0,154567.0
NA,94292.0,202550.0
NA,94294.0,193823.0
NA,94304.0,197143.0
NA,94313.0,213746.0
NA,94481.0,179963.0
NA,94530.0,212728.0
NA,94558.0,171143.0
NA,94677.0,187434.0
NA,94689.0,156368.0
NA,94698.0,213703.0
NA,94772.0,137095.0
NA,94902.0,157613.0
NA,94935.0,151754.0
NA,95002.0,179440.0
NA,95110.0,186304.0
NA,95253.9,137663.2
NA,95325.0,184618.0
NA,95345.0,166082.0
NA,95394.0,173129.0
NA,95543.7,215643.4
NA,95614.0,181485.0
63,95819.0,181367.0
NA,95824.0,166828.0
NA,95881.0,214526.0
NA,95922.0,184484.0
NA,95922.0,184484.0
NA,95930.0,203621.0
NA,95988.0,201218.0
NA,96021.0,166874.0
NA,96109.0,215639.0
NA,96113.0,185333.0
NA,96169.0,183935.0
NA,96267.0,174819.0
NA,96380.0,186753.0
NA,96454.0,185266.0
NA,96480.0,174758.0
NA,96608.0,184074.0
NA,96631.0,210703.0
NA,96790.0,179060.0
NA,97017.0,218774.0
NA,97018.0,215500.0
NA,97049.0,215511.0
NA,97057.0,210140.0
NA,97350.0,162276.0
NA,97425.0,162556.0
NA,97580.0,182989.0
NA,97601.0,215872.0
NA,97626.0,202079.0
NA,97707.0,184289.0
NA,97918.0,164041.9
NA,97930.0,142406.0
NA,98347.0,146113.0
NA,98532.0,153183.0
NA,98539.0,178192.0
NA,98645.0,177567.0
NA,98735.0,207836.0
NA,98818.0,140767.0
NA,98823.0,213013.0
NA,98890.0,175417.0
NA,99135.0,180157.0
NA,99231.0,163132.0
NA,99320.0,210589.0
NA,99346.0,167514.0
NA,99383.0,179157.0
NA,99418.0,179722.0
NA,99421.0,199674.0
NA,99423.0,210987.0
NA,99501.0,218904.0
NA,99728.0,209322.0
NA,99815.0,183080.0
NA,99956.0,146448.0
NA,100013.0,193206.0
NA,100350.8,134241.7
NA,100456.0,183683.0
NA,100525.0,154696.0
NA,100581.0,209679.0
NA,100614.0,163906.0
NA,100670.0,204210.0
NA,100961.0,199336.0
NA,100966.0,200443.0
NA,101253.0,208867.0
NA,101300.0,134490.0
NA,101300.0,134490.0
NA,101375.0,215156.0
NA,101392.0,167244.0
NA,101465.5,158279.9
NA,101506.0,166448.0
NA,101538.0,163716.0
NA,101582.0,199710.0
NA,101610.0,150693.0
NA,101785.0,211822.0
NA,101798.0,117214.0
NA,101922.0,211376.0
NA,101949.0,216104.0
NA,102096.0,201003.0
NA,102135.0,117500.0
NA,102189.0,144830.0
NA,102253.0,161744.0
NA,102290.4,150902.2
NA,102444.0,200705.0
NA,102466.0,211188.0
NA,102469.0,172414.0
NA,102469.0,172414.0
NA,102491.0,165787.0
NA,102633.7,144595.5
NA,102702.8,201873.1
NA,102704.0,216317.0
NA,102896.0,204142.0
NA,102968.0,203711.0
NA,103097.0,206317.0
NA,103149.0,165263.0
NA,103149.0,165263.0
NA,103149.0,165263.0
NA,103149.0,165263.0
NA,103149.0,165263.0
NA,103182.0,170058.0
NA,103350.0,170254.0
NA,103456.0,152607.0
NA,103531.0,119228.0
NA,104010.0,158763.0
NA,104145.0,180213.0
NA,104288.0,173822.0
NA,104296.0,173511.0
NA,104586.0,210223.0
NA,104603.0,210254.0
NA,104611.0,151529.0
NA,104637.0,144781.0
NA,104876.0,206184.0
NA,104890.0,114958.0
NA,104957.0,156607.0
NA,105078.0,155028.0
NA,105265.1,154922.6
NA,105275.4,120998.0
NA,105366.0,204200.0
NA,105421.0,167054.0
NA,105446.0,166869.0
NA,105596.0,155583.0
NA,105783.0,212205.0
NA,105903.0,214200.0
NA,105929.0,216847.0
NA,105952.0,146587.0
NA,106164.0,216936.0
NA,106214.0,155424.0
NA,106257.0,151056.0
NA,106566.0,149207.0
NA,106664.0,151075.0
NA,106953.0,187568.0
NA,107260.0,209112.0
NA,107260.0,209112.0
NA,107266.0,212068.0
NA,107318.0,181504.0
NA,107490.0,177139.0
NA,107504.0,137881.0
NA,107592.0,148942.0
NA,107678.0,138402.0
NA,107683.0,186918.0
NA,107701.1,188159.0
NA,107729.0,129465.0
NA,107863.0,185007.0
NA,107974.0,145975.0
NA,108886.0,199194.0
NA,109043.0,159941.0
NA,109352.0,153546.0
NA,109412.0,160781.0
NA,109744.4,118544.6
NA,109817.0,143203.0
NA,110201.0,189350.0
NA,110343.0,146810.0
NA,110480.0,185483.0
NA,110545.0,122716.0
NA,110576.0,178312.0
NA,110614.0,198052.0
NA,110753.0,181859.0
NA,110879.0,189726.0
NA,111195.0,185760.0
NA,111197.0,145926.0
NA,111255.0,145987.0
NA,111294.2,146034.4
NA,111390.0,155301.0
NA,111417.0,129725.0
NA,111599.0,174718.0
NA,111608.0,178931.0
NA,111645.0,139250.0
NA,111662.0,146572.0
NA,111996.0,179214.0
NA,111997.0,205868.0
NA,112375.0,116977.0
NA,112377.0,116972.0
NA,112814.0,196367.0
NA,113195.0,137847.0
NA,113325.0,210416.0
NA,113358.0,148844.0
NA,113486.0,203280.0
NA,113646.0,169227.0
NA,113685.0,199974.0
NA,113685.0,199974.0
NA,113685.0,199974.0
NA,113685.0,199974.0
NA,113685.0,199974.0
NA,114145.0,190263.0
NA,114494.0,196678.0
NA,114663.0,204857.0
NA,114902.0,125713.0
NA,114941.0,179422.0
NA,115001.0,198396.0
NA,115042.0,138001.0
NA,115096.0,157120.0
NA,115170.0,201534.0
NA,115250.5,144371.0
NA,115346.0,146887.0
NA,115652.0,208195.0
NA,115780.0,147360.0
NA,115809.0,120024.0
NA,115822.0,132739.0
NA,115886.0,147394.0
NA,115911.0,166585.0
NA,115945.0,147598.0
NA,116141.8,134141.6
NA,116459.0,144185.0
NA,116550.0,147902.0
NA,116836.0,169127.0
NA,117208.0,196291.0
NA,117439.0,155167.0
NA,117442.0,148181.0
NA,117648.0,151228.0
NA,117892.0,179799.0
NA,118506.0,194555.0
NA,118610.0,155809.0
NA,118719.0,117333.0
NA,118829.0,173654.0
NA,118835.0,147759.0
NA,119031.0,145405.0
NA,119120.0,148962.0
NA,119484.0,159236.0
NA,119558.0,174624.0
NA,119630.0,146784.0
NA,119684.0,197776.0
NA,119998.0,155939.0
NA,120225.0,191875.0
NA,120270.0,185441.0
NA,120458.0,193551.0
NA,120471.0,192490.0
NA,120806.0,149348.0
NA,120922.0,176338.0
NA,121126.0,207949.0
NA,121153.0,201354.0
NA,121280.0,149976.0
NA,121308.0,200399.0
NA,121437.0,157788.0
NA,121482.0,200698.0
NA,121559.0,157737.0
NA,121655.0,197937.0
NA,121733.0,176998.0
NA,121759.0,193205.0
NA,121799.0,198282.0
NA,122002.7,165600.3
NA,122124.0,211296.0
NA,122388.0,194291.0
NA,122559.0,204749.0
NA,122865.0,193848.0
NA,123028.0,205172.0
NA,123055.0,196839.0
NA,123305.0,204049.0
NA,123430.0,194319.0
NA,123472.8,187625.5
NA,123644.0,158562.0
NA,123764.0,197811.0
NA,123815.0,211747.0
NA,123983.0,207877.0
NA,124078.0,189546.0
NA,124138.0,213017.0
NA,124462.0,187418.0
NA,124497.0,187462.0
NA,124782.0,205026.0
NA,124844.0,205217.0
NA,124885.0,138727.0
NA,124905.0,187523.0
NA,124908.0,186030.0
NA,124971.0,202624.0
NA,125039.0,144709.0
NA,125135.0,138300.0
NA,125267.0,206646.0
NA,125417.0,160945.0
NA,125568.0,213030.0
NA,125860.3,176343.8
NA,125860.3,176343.8
NA,125860.3,176343.8
NA,125879.0,178129.0
NA,125926.0,131578.0
NA,125935.0,190006.0
NA,125992.0,188620.0
NA,126202.9,130316.2
NA,126378.0,200620.0
NA,126508.0,205443.0
NA,126526.0,191341.0
NA,126526.0,191341.0
NA,126526.0,191341.0
NA,126634.0,193177.0
NA,126808.0,203490.0
NA,126910.0,196669.0
NA,126950.0,203228.0
NA,127011.0,211616.0
NA,127135.0,214386.0
NA,127430.0,192597.0
NA,127855.0,121273.0
NA,127973.0,115898.0
NA,128005.0,211307.0
NA,128141.0,158932.0
NA,128147.0,209802.0
NA,128157.0,159997.0
NA,128334.0,202759.0
NA,128959.0,170816.0
NA,129118.0,208465.0
NA,129658.0,195231.0
NA,129758.0,195427.0
NA,129830.0,211089.0
NA,129830.0,211089.0
NA,129932.0,212366.0
NA,130028.0,134583.0
NA,130035.0,198388.0
NA,130068.3,204291.2
NA,130370.0,174959.0
NA,130430.2,182635.2
NA,130556.0,163700.0
NA,130626.0,212551.0
NA,130733.0,213054.0
NA,130783.0,210733.0
NA,131002.0,206193.0
NA,131155.0,194505.0
NA,131494.0,213113.0
NA,131705.0,214174.0
NA,131842.0,134797.0
NA,131894.0,143990.0
NA,132059.0,117037.0
NA,132192.0,217587.0
NA,132198.0,189011.0
NA,132230.0,214333.0
NA,132504.0,181317.0
NA,132541.0,204148.0
NA,132687.0,208993.0
NA,132875.0,140800.0
NA,133216.0,143255.0
NA,133380.0,147497.0
NA,133441.0,186364.0
NA,133445.0,202989.0
NA,133445.0,128320.0
NA,133530.0,203436.0
NA,133609.0,189868.0
NA,133700.0,143428.0
NA,134011.0,213130.0
NA,134133.0,212662.0
NA,134310.0,182097.0
NA,134343.0,180738.0
NA,134366.0,180746.0
NA,134389.0,180748.0
NA,134545.0,140176.0
NA,134639.0,176486.0
NA,134671.0,159026.0
NA,134838.0,123291.0
NA,134992.0,215153.0
NA,135101.0,155070.0
NA,135125.0,176706.0
NA,135125.0,176706.0
NA,135137.0,209360.0
NA,135188.2,112822.3
NA,135235.0,176711.0
NA,135315.0,201200.0
NA,135346.0,188759.0
NA,135552.0,211937.0
NA,135572.0,155343.0
NA,135609.0,162859.0
NA,135664.0,134571.0
NA,135810.0,205633.0
NA,135836.0,163414.0
NA,136011.0,211008.0
NA,136031.0,211522.0
NA,136103.0,165719.0
NA,136264.0,212834.0
NA,136353.0,205180.0
NA,136412.0,207767.0
NA,136463.0,96988.0
NA,136516.0,189194.0
NA,136566.3,96840.1
NA,136678.0,132575.0
NA,136744.0,95928.0
NA,136782.0,146646.0
NA,136986.0,221556.0
NA,137003.0,203758.0
NA,137074.0,77583.0
NA,137146.0,215770.0
NA,137210.0,147172.0
NA,137283.0,209437.0
NA,137322.0,181719.0
NA,137358.0,164812.0
NA,137397.0,139308.0
NA,137441.0,222108.0
NA,137523.0,218746.0
NA,137814.0,211181.0
NA,137814.0,211181.0
NA,137856.0,75884.0
NA,137944.0,217305.0
NA,138006.0,222984.0
NA,138133.0,91429.0
NA,138153.0,97716.0
NA,138163.0,126993.0
NA,138163.0,126993.0
NA,138547.0,214092.0
NA,138646.0,223731.0
NA,138788.0,223831.0
NA,138877.0,72670.0
NA,138945.0,99148.0
NA,139032.0,145129.0
NA,139078.0,113491.0
NA,139100.0,145228.0
NA,139213.0,203209.0
NA,139216.0,95545.0
NA,139239.0,190322.0
NA,139239.0,190322.0
NA,139239.0,190322.0
NA,139354.0,95185.0
NA,139425.0,222478.0
NA,139434.0,203940.0
NA,139456.0,208448.0
NA,139501.0,209396.0
NA,139518.0,203506.0
NA,139536.0,211694.0
NA,139538.0,211591.0
NA,139592.0,108324.0
NA,139616.0,212969.0
NA,139701.0,186613.0
NA,139882.0,203808.0
NA,139924.0,96304.0
NA,139962.0,162113.0
NA,139968.0,164829.0
NA,139986.0,211718.0
NA,140097.0,211353.0
NA,140162.0,207470.6
NA,140271.0,129613.0
NA,140299.0,85363.0
NA,140371.0,84583.0
NA,140487.0,208041.0
NA,140512.0,129643.0
NA,140563.0,98832.0
NA,140635.0,185394.0
NA,140793.0,143452.0
NA,141094.0,82689.0
NA,141300.0,191256.0
NA,141338.0,213274.0
NA,141408.0,183856.0
NA,141440.0,130558.0
NA,141440.0,130558.0
NA,141716.0,208796.0
NA,141749.0,192630.0
NA,141835.0,206954.0
NA,141946.0,209482.0
NA,142011.0,193041.0
NA,142162.0,188116.0
NA,142251.0,191406.0
NA,142516.0,82344.0
NA,142613.0,103855.0
NA,142789.0,189109.0
NA,142924.0,155136.0
NA,143132.6,129797.6
NA,143297.0,209893.0
NA,143314.0,203788.0
NA,143603.0,131970.0
NA,143825.0,139397.0
NA,143916.0,91908.0
NA,143955.0,110793.0
NA,143989.0,101352.0
NA,144033.0,93021.0
NA,144085.0,101701.0
NA,144119.0,91657.0
NA,144180.0,212622.0
NA,144180.0,212622.0
NA,144321.0,194027.0
NA,144325.0,150622.0
NA,144348.0,189255.0
NA,144363.0,189581.0
NA,144445.0,209425.0
NA,144510.0,128361.0
NA,144614.0,81888.0
NA,144639.0,152386.0
NA,144837.0,97576.0
NA,144983.0,151182.0
NA,144995.0,161287.0
NA,145100.0,208184.0
NA,145195.0,191324.0
NA,145337.0,113173.0
NA,145429.0,209683.0
NA,145553.0,120412.0
NA,145830.0,209567.0
NA,145866.0,74814.0
NA,145878.0,97887.0
NA,145910.0,132422.0
NA,145921.4,181320.2
NA,145954.0,208172.0
NA,146034.0,105054.0
NA,146043.0,124502.0
NA,146471.0,81945.0
NA,146506.0,160742.0
NA,146616.0,191402.0
NA,146668.0,191424.0
NA,146769.0,76991.0
NA,146917.0,90314.0
NA,146986.0,148011.0
NA,147175.0,88663.0
NA,147222.0,86694.0
NA,147291.0,111458.0
NA,147308.0,76500.0
NA,147396.0,104274.0
NA,147841.0,93212.0
NA,147909.0,126738.0
NA,147988.0,95160.0
NA,148049.0,98260.0
NA,148155.0,113864.0
NA,148155.0,113864.0
NA,148232.0,80348.0
NA,148387.0,139401.0
NA,148670.0,145537.0
NA,148774.0,180208.0
NA,148774.0,180208.0
NA,148774.0,180208.0
NA,148774.0,180208.0
NA,148890.1,95492.1
NA,148953.0,99700.0
NA,148989.5,103959.4
NA,149021.0,172190.0
NA,149155.0,182606.0
NA,149422.0,224470.0
NA,149575.0,139806.0
NA,149711.0,139955.0
NA,149715.0,135578.0
NA,149787.0,138923.0
NA,149810.0,144499.0
NA,149812.0,104741.0
NA,150033.0,137843.0
NA,150123.0,105869.0
NA,150141.0,84547.0
NA,150200.0,139165.0
NA,150902.9,104316.1
NA,151140.0,109936.0
NA,151169.0,132159.0
NA,151200.3,125071.4
NA,151212.3,106332.8
NA,151342.0,223342.0
NA,151421.0,176985.0
NA,151730.0,135338.0
NA,151734.0,195587.0
NA,151850.0,191292.0
NA,151978.0,189013.0
NA,152035.0,72230.0
NA,152035.0,72230.0
NA,152301.0,201409.0
NA,152318.0,121769.0
NA,152560.0,103708.0
NA,152612.0,103440.0
NA,152615.0,103418.0
NA,152680.0,144759.0
NA,153006.0,236899.0
NA,153068.0,144574.0
NA,153166.0,102779.0
NA,153298.0,236468.0
NA,153298.0,236468.0
NA,153411.0,238445.0
NA,153491.0,102155.0
NA,153516.0,137942.0
NA,153576.0,141128.0
NA,153576.0,141128.0
NA,153650.0,238304.0
NA,153726.0,212015.0
NA,153822.4,136648.7
NA,153860.0,200289.0
NA,153882.0,136767.0
NA,153946.4,106187.4
NA,154086.0,83945.0
NA,154128.0,203305.7
NA,154128.0,203305.7
NA,154293.0,106521.0
NA,154867.0,155000.0
NA,155073.0,200349.0
NA,155368.0,146267.0
NA,155584.0,215238.0
NA,155834.0,144055.0
NA,155834.0,144055.0
NA,155885.2,79867.7
NA,155885.2,79867.7
NA,155885.2,79867.7
NA,155885.2,79867.7
NA,155910.0,81481.0
NA,156136.0,112680.0
NA,156249.0,149121.0
NA,156292.0,134108.0
NA,156515.0,105797.0
NA,156799.5,199246.0
NA,156954.0,200251.0
NA,156991.0,96312.0
NA,157108.0,96052.0
NA,157141.0,110869.0
NA,157388.0,158779.0
NA,157935.0,88164.0
NA,157942.0,230166.0
NA,158219.0,240615.0
NA,158311.0,199030.0
NA,158367.5,148293.4
NA,158380.0,229106.0
NA,158528.0,235157.0
NA,158540.0,237661.0
NA,158546.0,203388.0
NA,158557.0,237588.0
NA,158630.0,204616.0
NA,158797.0,72447.0
NA,158915.0,239213.0
NA,158925.0,239211.0
NA,159020.0,230919.0
NA,159083.5,121584.2
NA,159102.0,229158.0
NA,159249.6,207082.0
NA,159328.0,236818.0
NA,159330.0,230617.0
NA,159482.0,236601.0
NA,159539.0,229752.0
NA,159561.0,229630.0
NA,159616.0,79824.0
NA,159674.0,111417.0
NA,159755.0,145014.0
NA,159786.0,232671.0
NA,159843.0,240527.0
NA,159864.0,116722.0
NA,159986.0,211783.0
NA,160005.0,240577.0
NA,160035.0,236843.0
NA,160050.0,233085.0
NA,160157.0,188216.0
NA,160172.0,83905.0
NA,160198.0,129537.0
NA,160342.0,237153.0
NA,160383.0,237533.0
NA,160499.0,205782.0
NA,160516.0,201950.0
NA,160552.0,109596.0
NA,160769.6,187840.9
NA,161211.0,202286.0
NA,161327.9,196615.7
NA,161364.0,113710.0
NA,161490.0,134472.0
NA,161748.0,152033.0
NA,161810.0,148828.0
NA,161988.0,94857.0
NA,162290.2,94066.7
NA,162900.0,130760.0
NA,162939.0,198747.0
NA,163174.0,109718.0
NA,163190.0,229902.0
NA,163339.0,230948.0
NA,163428.0,227983.0
NA,163477.0,224870.0
NA,163483.1,232156.6
NA,163595.0,230149.0
NA,163689.9,125292.5
NA,163816.0,110165.0
NA,163835.0,101877.0
NA,163940.3,211058.3
NA,164020.0,131255.0
NA,164179.0,209363.0
NA,164287.0,232250.0
NA,164369.0,230704.0
NA,164432.0,143015.0
NA,164565.0,124098.0
NA,164599.0,232065.0
NA,164628.3,154033.1
NA,164652.0,232105.0
NA,164744.0,232178.0
NA,164919.0,232817.0
NA,164933.0,115504.0
NA,164933.0,115504.0
NA,164933.0,115504.0
NA,164962.0,208202.0
NA,165172.0,232333.0
NA,165172.0,232333.0
NA,165172.0,232333.0
NA,165172.0,232333.0
NA,165310.0,233472.0
NA,165317.0,235230.0
NA,165494.0,233997.0
NA,165612.8,234113.8
NA,165669.0,196179.0
NA,165670.0,86595.0
NA,165702.0,211833.0
NA,165771.0,206802.0
NA,165775.0,98497.0
NA,165801.0,141914.0
NA,165840.0,225566.0
NA,165850.0,206447.0
NA,165933.0,226419.0
NA,165999.0,234215.0
NA,166040.0,192461.0
NA,166086.0,233563.0
NA,166112.0,233289.0
NA,166145.0,233102.0
NA,166156.0,235316.0
NA,166258.6,139875.4
NA,166314.0,233588.0
NA,166325.0,235262.0
NA,166367.0,135340.0
NA,166442.0,186071.0
NA,166525.0,97872.0
NA,166563.7,234309.6
NA,166579.7,234567.9
NA,166645.0,213237.0
NA,166647.0,148640.0
NA,166660.0,234393.0
NA,166669.0,226189.0
NA,167005.0,227456.0
NA,167076.0,227583.5
NA,167147.0,224417.0
NA,167187.0,129799.0
NA,167301.0,147877.0
NA,167406.0,111903.0
NA,167555.0,233676.0
NA,167574.0,227515.0
NA,167575.0,195324.0
NA,167765.0,145773.0
NA,167812.0,145256.0
NA,167824.0,111840.0
NA,167842.0,227478.0
NA,167855.0,199492.0
NA,167919.0,234036.0
NA,168058.0,157599.0
NA,168089.0,139998.0
NA,168107.0,224566.0
NA,168139.0,195018.0
NA,168140.0,227725.0
NA,168187.0,129513.0
NA,168233.0,129601.0
NA,168237.0,227326.0
NA,168280.0,223789.0
NA,168314.0,139878.0
NA,168368.0,98340.0
NA,168424.0,224832.0
NA,168563.0,190520.0
NA,168669.0,214601.0
NA,168840.0,110300.0
NA,168848.0,233031.0
NA,168945.0,156213.0
NA,169148.0,221533.0
NA,169199.0,229366.0
NA,169214.0,210389.0
NA,169275.0,195478.0
NA,169276.0,231536.0
NA,169278.0,230017.0
NA,169312.0,208341.0
NA,169528.0,210517.0
NA,169578.0,88504.0
NA,169609.0,140354.0
NA,169659.0,203847.0
NA,169766.0,155688.0
NA,169892.0,232188.0
NA,169950.0,231967.0
NA,170091.0,134321.0
NA,170126.0,230020.0
NA,170238.0,231515.0
NA,170258.0,107395.0
NA,170322.0,231477.0
NA,170361.0,233699.0
NA,170367.7,233710.3
NA,170367.7,233710.3
NA,170367.7,233710.3
NA,170367.7,233710.3
NA,170378.0,233365.0
NA,170398.0,231442.0
NA,170553.0,206786.0
NA,170612.0,212902.0
NA,170706.0,234986.0
NA,170782.0,235186.0
NA,170823.0,233341.0
NA,170829.0,136643.0
NA,170973.0,233947.0
NA,171017.0,236837.0
NA,171104.0,91978.0
NA,171175.0,236229.0
NA,171215.0,231448.0
59,171223.0,223906.0
NA,171300.0,139700.0
NA,171343.0,233245.0
41,171403.0,224051.0
NA,171512.0,98894.0
NA,171512.0,98894.0
NA,171591.0,98914.0
NA,171603.0,228324.0
NA,171765.0,164335.0
NA,171779.0,228333.0
NA,171883.0,230646.0
NA,171934.0,223379.0
NA,171968.0,235032.0
NA,171993.0,228246.0
NA,172012.0,237809.0
NA,172065.0,197524.0
NA,172091.0,209846.0
NA,172136.0,134676.0
NA,172163.0,237782.0
NA,172175.0,99150.0
NA,172193.0,230132.0
NA,172225.0,235393.0
NA,172264.0,136328.0
NA,172306.0,104587.0
NA,172350.2,117974.2
NA,172357.0,235582.0
NA,172526.0,227308.0
NA,172526.0,227308.0
NA,172584.0,206690.0
NA,172668.0,225152.0
NA,172738.0,234208.0
NA,172754.0,231826.0
NA,172781.0,224904.0
NA,172790.0,227024.0
NA,172791.0,231895.0
NA,172811.0,121801.0
NA,172846.0,235059.0
NA,172895.0,106869.0
NA,172903.0,230273.0
NA,172918.0,235146.0
NA,172938.9,161861.8
NA,172950.0,96861.0
NA,172977.0,224882.0
NA,173119.0,138932.0
NA,173173.0,210751.0
NA,173237.0,213525.0
NA,173280.0,228150.0
NA,173284.7,229389.8
NA,173417.0,123343.0
NA,173422.0,123251.0
NA,173466.0,130673.0
NA,173488.0,210134.0
NA,173517.0,213998.0
NA,173548.0,139077.0
NA,173698.0,210187.0
NA,173763.0,210394.0
NA,173770.0,203555.0
NA,173831.0,210421.0
NA,173843.0,233456.0
NA,173866.0,235926.0
NA,173995.0,234309.0
NA,174050.0,227452.0
NA,174176.0,95362.0
NA,174220.0,236157.0
NA,174246.0,190153.0
NA,174260.4,237545.5
NA,174299.0,104346.0
NA,174299.0,142961.0
NA,174301.0,142902.0
NA,174381.0,222646.0
NA,174393.0,236499.0
NA,174415.0,189641.0
NA,174426.0,209946.0
NA,174461.0,222688.0
NA,174465.0,222691.0
NA,174574.7,145001.9
NA,174663.0,237284.0
NA,174730.0,222256.0
NA,174756.0,209510.0
NA,174775.2,222177.1
NA,174843.5,118455.1
NA,174926.0,164751.0
NA,174969.0,239088.0
NA,175065.0,239925.0
NA,175123.0,226981.0
NA,175123.0,100590.0
NA,175319.0,240868.0
NA,175439.0,230476.0
NA,175451.0,192714.0
NA,175576.0,141511.0
NA,175585.0,170165.0
NA,175719.0,231903.0
NA,175720.0,131600.0
NA,175822.0,155894.0
NA,175940.0,236086.0
NA,175957.0,211063.0
NA,175957.0,211063.0
NA,175972.0,226335.0
NA,175990.0,153908.0
NA,176014.0,241150.0
NA,176037.0,240981.0
NA,176075.0,164282.0
NA,176084.0,235834.0
NA,176202.0,154733.0
NA,176211.0,230283.0
NA,176364.0,187383.0
NA,176365.0,187405.0
NA,176369.0,230062.0
NA,176403.0,234344.0
NA,176403.0,234344.0
NA,176419.0,97977.0
NA,176434.0,227405.0
NA,176501.0,91656.0
NA,176516.0,110539.0
NA,176544.0,236476.0
NA,176550.0,91671.0
NA,176554.0,121322.0
NA,176634.0,111659.0
NA,176666.0,140902.0
NA,176666.0,140902.0
NA,176666.0,140902.0
NA,176666.0,140902.0
NA,176666.0,140902.0
NA,176666.0,140902.0
NA,176773.0,92795.0
NA,176793.0,236613.6
NA,176861.0,211809.0
NA,176889.0,95067.0
NA,176905.0,224323.0
NA,176908.0,109617.0
NA,176988.0,223241.0
NA,177026.0,229585.0
NA,177081.0,224809.0
NA,177095.0,225732.0
NA,177119.0,212100.0
NA,177258.0,97740.0
NA,177354.0,240267.0
NA,177383.0,223390.0
NA,177426.0,224364.0
NA,177443.0,152640.0
NA,177538.0,240471.0
NA,177652.0,106207.0
NA,177693.0,157415.0
NA,177722.0,243524.0
NA,177767.5,172238.1
NA,177832.0,106416.0
NA,177843.5,243592.8
NA,177942.0,188427.0
NA,177952.0,200903.0
NA,178047.0,228319.0
NA,178185.0,222621.0
NA,178315.1,119801.7
NA,178426.8,158536.6
NA,178465.0,213421.0
NA,178468.0,236759.0
NA,178521.0,171709.0
NA,178569.0,232090.0
NA,178609.0,231812.0
NA,178622.0,220863.0
NA,178629.0,205926.0
NA,178742.0,212625.0
NA,178761.0,142758.9
NA,178813.0,240953.0
NA,178813.0,240953.0
NA,178878.0,226387.0
NA,178888.0,236116.0
NA,178911.4,236020.6
NA,178959.0,219428.0
NA,178959.0,230739.0
NA,178962.0,100453.0
NA,178968.0,199798.0
NA,178977.0,230779.0
NA,178992.0,153810.0
NA,179008.0,236325.0
NA,179035.0,230897.0
NA,179043.0,127526.0
NA,179166.0,217754.0
NA,179180.0,220534.0
NA,179210.0,239318.0
NA,179372.0,228378.0
NA,179455.0,220400.0
NA,179459.0,107147.0
NA,179502.0,220094.0
NA,179525.0,168925.0
NA,179548.0,156477.0
NA,179562.0,141939.0
NA,179587.0,192461.0
NA,179591.0,220333.0
NA,179623.0,239206.0
NA,179671.0,233057.0
NA,179727.0,216341.0
NA,179735.0,207112.0
NA,179871.0,201934.0
NA,179882.0,132751.0
NA,179903.0,137671.0
NA,180131.0,220001.0
NA,180148.0,137505.0
NA,180225.0,209521.0
NA,180274.0,148708.0
NA,180302.0,203086.0
NA,180351.0,229621.0
NA,180383.0,170414.0
NA,180452.0,202886.0
NA,180513.0,174257.0
NA,180632.0,213806.0
NA,180713.0,240614.0
NA,180753.0,229493.0
NA,180813.0,185282.0
NA,180824.0,235685.0
NA,180887.0,189995.0
NA,180892.0,161967.0
NA,180904.0,199207.0
NA,180906.0,204412.0
NA,180929.0,235984.0
NA,180953.0,126829.0
NA,180982.0,203182.0
NA,181191.0,212364.0
NA,181216.0,115068.0
NA,181240.0,124570.0
NA,181268.0,222490.0
NA,181291.0,185521.0
NA,181476.0,230964.0
NA,181644.7,119570.4
NA,181674.0,220318.0
NA,181687.9,100925.3
NA,181695.0,229017.0
NA,181697.0,97943.0
NA,181755.0,213232.0
NA,181761.0,222947.0
NA,181770.0,222967.0
NA,181841.0,203128.0
NA,181861.0,204221.0
NA,181876.0,174296.0
NA,182048.0,240879.0
NA,182087.0,156990.0
NA,182280.0,141016.0
NA,182282.0,229734.0
NA,182301.0,200621.0
NA,182319.0,139710.0
NA,182343.0,120263.0
NA,182362.0,174523.0
NA,182383.0,204963.0
NA,182510.0,215441.0
NA,182563.0,141596.0
NA,182670.0,229394.0
NA,182674.0,201705.0
NA,182713.0,224893.0
NA,182876.0,225631.0
NA,182882.0,229683.0
NA,182950.0,212266.0
NA,182969.0,212350.0
NA,183068.0,229046.0
NA,183068.0,229046.0
NA,183141.0,152228.0
NA,183180.0,120667.0
NA,183344.0,218881.0
NA,183387.0,134351.0
NA,183469.0,145510.0
NA,183501.0,175940.0
NA,183527.0,228895.0
NA,183752.0,200363.0
NA,183791.0,229332.0
NA,183791.0,229332.0
NA,183791.0,229332.0
NA,183791.0,185409.0
NA,183819.0,98224.0
NA,183890.0,229856.0
NA,183944.0,213650.0
NA,183965.0,221349.0
NA,183972.0,229208.0
NA,183978.0,216737.0
NA,183981.0,159400.0
NA,183982.0,213470.0
NA,183984.0,102863.0
NA,184008.0,227478.0
NA,184030.0,232085.0
NA,184035.0,230006.0
NA,184075.0,231662.0
NA,184094.1,213017.0
NA,184109.0,231293.0
NA,184115.0,133683.0
NA,184147.0,225675.0
NA,184246.0,225894.0
NA,184272.0,225949.0
NA,184343.0,141443.0
NA,184474.0,231991.0
NA,184548.0,199757.0
NA,184621.0,192120.0
NA,184644.0,216991.0
NA,184932.0,100174.0
NA,185042.0,211598.0
NA,185042.0,211598.0
NA,185071.0,138813.0
NA,185181.0,227542.0
NA,185272.0,193691.0
NA,185274.4,233302.3
NA,185490.0,198944.0
NA,185657.0,109273.0
NA,185678.0,105244.0
NA,185751.0,218340.0
NA,185753.0,224647.0
NA,185763.0,233339.0
NA,185830.0,96024.0
NA,186024.0,232384.0
NA,186162.0,233186.0
NA,186459.0,233008.0
NA,186478.0,195028.0
NA,186495.0,225887.0
NA,186591.0,221038.0
NA,186637.0,185259.0
NA,186697.0,219374.0
NA,186718.0,192464.0
NA,186755.0,220828.0
NA,186770.0,191063.0
NA,186811.0,227210.0
NA,186831.0,101419.0
NA,186861.0,228099.0
NA,186930.0,195201.0
NA,186975.0,195236.0
NA,186993.0,75942.0
NA,187042.0,191726.0
NA,187084.0,202208.0
NA,187161.0,186763.0
NA,187217.0,95091.0
NA,187344.0,178475.0
NA,187344.0,178475.0
NA,187344.0,178475.0
NA,187344.0,178475.0
NA,187344.0,178475.0
NA,187344.0,178475.0
NA,187387.0,171715.0
NA,187388.0,99629.0
NA,187400.0,182575.0
NA,187562.0,200685.0
NA,187591.0,228203.0
NA,187633.0,227245.0
NA,187641.0,220261.0
NA,187718.0,176592.0
NA,187725.0,193976.0
NA,187756.0,118312.7
NA,187779.0,227229.0
NA,187822.0,231010.0
NA,187916.0,228483.0
NA,187976.0,227375.0
NA,188115.0,125790.0
NA,188132.0,189131.0
NA,188173.0,170297.0
NA,188240.0,227663.0
NA,188326.0,236643.0
NA,188333.0,190886.0
NA,188362.0,190627.0
NA,188464.0,211557.0
NA,188494.0,226244.0
NA,188536.0,113350.0
NA,188645.0,93484.0
NA,188666.0,184852.0
NA,188667.0,210987.0
NA,188678.0,64558.0
NA,188684.0,136018.0
NA,188741.0,191128.0
NA,188773.0,175808.0
NA,188846.0,231339.0
NA,188846.0,231339.0
NA,188904.0,151694.0
NA,188908.0,190099.0
NA,189067.0,231410.0
NA,189089.0,236436.0
NA,189089.0,218827.0
NA,189108.0,152907.0
NA,189166.0,141875.0
NA,189268.0,176438.0
NA,189298.0,225307.0
NA,189298.0,225307.0
NA,189328.0,154296.0
NA,189338.0,139887.0
NA,189340.0,176486.0
NA,189438.0,231529.0
NA,189470.0,211848.0
NA,189535.0,204124.0
NA,189562.0,237818.0
NA,189592.0,219743.0
NA,189592.0,219743.0
NA,189668.0,190523.0
NA,189734.0,104537.0
NA,189801.0,86632.0
NA,189970.0,104542.0
NA,189982.0,163726.0
NA,190059.0,220556.0
NA,190221.0,237812.0
NA,190221.0,237812.0
NA,190242.0,182653.0
NA,190375.0,181415.0
NA,190381.0,95063.0
NA,190571.0,230716.0
NA,191032.0,199084.0
NA,191100.0,108311.0
NA,191120.0,207064.0
NA,191209.0,204920.0
NA,191211.0,181499.0
NA,191247.0,204565.0
NA,191275.0,225904.0
NA,191282.0,183464.0
NA,191338.0,205177.0
NA,191375.0,219792.0
NA,191399.0,179114.0
NA,191631.4,234933.9
NA,191649.0,234581.0
NA,191651.0,61186.0
NA,191673.0,108810.0
NA,191721.0,173944.0
NA,191752.0,174057.0
NA,191859.0,204093.0
NA,191859.7,211443.0
NA,191901.0,211461.0
NA,191901.0,211461.0
NA,191901.0,211461.0
NA,191978.0,234547.0
NA,192296.0,218678.0
NA,192296.0,218678.0
NA,192326.0,218261.0
NA,192345.0,170926.0
NA,192360.0,224706.0
NA,192378.0,218490.0
NA,192378.0,218490.0
NA,192502.0,77993.0
NA,192517.0,180284.0
NA,192517.0,180284.0
NA,192517.0,180284.0
NA,192517.0,180284.0
NA,192517.0,180284.0
NA,192517.0,180284.0
NA,192535.0,108136.0
NA,192714.0,213131.0
NA,192781.0,232182.0
NA,192834.0,96703.0
NA,192850.0,231461.0
NA,192939.0,219010.0
NA,192948.0,225108.0
NA,193038.0,179263.0
NA,193055.0,231521.0
NA,193066.0,231599.0
NA,193077.7,107951.9
NA,193099.0,233124.0
NA,193164.0,215892.0
NA,193193.8,114159.4
NA,193217.0,230461.0
NA,193285.0,102470.0
NA,193286.0,211464.0
NA,193296.0,197166.0
NA,193325.0,230036.0
NA,193359.0,233769.0
NA,193376.0,232635.0
NA,193400.0,220058.0
NA,193421.0,229659.0
NA,193446.0,134694.0
NA,193488.0,230031.0
NA,193500.0,161262.0
NA,193606.0,234755.0
NA,193618.0,194259.0
NA,193620.0,208493.0
NA,193628.0,211456.0
NA,193646.0,158096.0
NA,193646.0,158096.0
NA,193646.0,158096.0
NA,193646.0,158096.0
NA,193646.0,158096.0
NA,193736.0,228382.0
NA,193786.0,114761.0
NA,193871.0,229451.0
NA,193940.0,233150.0
NA,193988.0,229607.0
NA,193995.0,156022.0
NA,194039.0,116108.0
NA,194147.0,215915.0
NA,194166.0,201973.0
NA,194177.0,234198.0
NA,194177.0,215974.0
NA,194186.0,229094.0
NA,194187.0,194195.0
NA,194217.0,230486.0
NA,194229.0,208482.0
NA,194416.0,91107.0
NA,194417.0,230102.0
NA,194439.0,195359.0
NA,194445.0,230159.0
NA,194445.0,230159.0
NA,194489.0,234484.0
NA,194506.0,66754.0
NA,194517.0,234490.0
NA,194633.0,198878.0
NA,194765.0,232682.0
NA,194818.0,230034.0
NA,194824.0,141105.0
NA,194913.0,117151.0
NA,194947.0,215877.0
NA,194947.0,215877.0
NA,194969.0,234519.0
NA,195011.0,83276.0
NA,195016.0,217248.0
NA,195087.0,234243.0
NA,195089.0,226629.0
NA,195142.0,233526.0
NA,195171.0,226663.0
NA,195220.0,221514.0
NA,195228.0,229258.0
NA,195256.0,112662.0
NA,195276.0,240602.0
NA,195295.0,83256.0
NA,195343.0,233235.0
NA,195436.0,120893.0
NA,195495.0,233778.0
NA,195505.0,215890.0
NA,195572.0,172060.0
NA,195572.0,172060.0
NA,195620.0,238234.0
NA,195627.0,233016.0
NA,195683.0,237876.0
NA,195687.6,144243.7
NA,195717.0,231557.0
NA,195742.0,208995.0
NA,195820.0,231441.0
NA,195846.0,230235.0
NA,195894.4,236625.0
NA,195935.0,73258.0
NA,195945.0,238988.0
NA,195946.0,99254.0
NA,195972.0,238921.0
NA,196013.0,59086.0
NA,196037.0,102907.0
NA,196082.0,235847.0
NA,196096.0,235748.0
NA,196107.0,235720.0
NA,196120.0,230097.0
NA,196134.0,235649.0
NA,196150.0,234832.0
NA,196155.0,236204.0
NA,196155.0,201424.0
NA,196165.0,236250.0
NA,196176.9,76477.0
NA,196209.0,236527.0
NA,196215.0,233825.0
NA,196257.0,240686.0
NA,196286.0,240657.0
NA,196288.0,240659.0
NA,196306.0,206400.0
NA,196306.0,238191.0
NA,196311.0,235531.0
NA,196328.0,221264.0
NA,196341.0,118333.0
NA,196345.0,232173.0
NA,196391.0,231346.0
NA,196429.0,240190.0
NA,196442.9,116281.7
NA,196454.0,240121.0
NA,196470.0,240088.0
NA,196593.0,143701.0
NA,196725.0,240200.0
NA,196725.0,240200.0
NA,196784.0,231598.0
NA,196889.0,237655.0
NA,196897.0,222868.0
NA,196931.0,217123.0
NA,196989.0,151622.0
NA,197045.0,217098.0
NA,197104.0,228229.0
NA,197109.0,220140.0
NA,197159.0,113573.0
NA,197183.0,228328.0
NA,197222.0,155995.0
NA,197226.0,238179.0
NA,197248.0,228516.0
NA,197306.0,201741.0
NA,197350.0,228835.0
NA,197352.0,238404.0
NA,197352.0,238404.0
NA,197543.0,192755.0
NA,197560.3,105475.9
NA,197603.0,223561.0
NA,197611.0,222806.0
NA,197611.0,222806.0
NA,197669.0,118609.0
NA,197679.0,223393.0
NA,197715.4,145241.4
NA,197844.0,216788.0
NA,197854.9,216788.1
NA,198098.0,219995.0
NA,198120.0,236522.0
NA,198149.0,164062.0
NA,198160.0,198803.0
NA,198202.0,100082.0
NA,198211.0,237301.0
NA,198234.0,202901.0
NA,198279.0,170769.0
NA,198347.0,100268.0
NA,198404.0,236466.0
NA,198457.0,177916.0
NA,198497.1,88978.8
NA,198507.0,183654.0
NA,198509.0,224694.0
NA,198544.0,239324.0
NA,198545.0,239438.0
NA,198586.0,224649.0
NA,198590.0,116228.0
NA,198610.0,221656.0
NA,198622.0,224542.0
NA,198639.0,238143.0
NA,198654.0,236424.0
NA,198732.0,188704.0
NA,198735.0,227319.0
NA,198821.0,239538.0
NA,198863.0,87692.0
NA,198887.0,239605.0
NA,198966.0,236372.0
NA,199310.0,166572.0
NA,199369.0,201493.0
NA,199396.0,237167.0
NA,199421.0,219759.0
NA,199516.0,117531.0
NA,199524.0,138912.0
NA,199667.0,235813.0
NA,199717.0,175700.0
NA,199773.0,116507.0
NA,199802.0,173056.0
NA,199803.0,158747.0
NA,199806.0,147719.0
NA,199806.0,147719.0
NA,199849.0,147237.0
NA,199912.0,112754.0
NA,200009.0,209546.0
NA,200066.0,173827.0
NA,200090.0,107630.0
NA,200128.0,203322.0
NA,200227.0,191607.0
NA,200269.0,215346.0
NA,200276.0,136306.0
NA,200305.0,172973.0
NA,200349.0,192804.0
NA,200416.0,221117.0
NA,200436.0,204127.0
NA,200533.0,215242.0
NA,200533.0,215242.0
NA,200594.0,181991.0
NA,200606.0,94490.0
NA,200629.0,200080.0
NA,200715.0,190071.0
NA,200843.0,202321.0
NA,200870.0,172855.0
NA,201065.0,149502.0
NA,201111.0,226547.0
NA,201132.0,109733.0
NA,201203.0,188689.0
NA,201205.9,115346.4
NA,201235.0,215945.0
NA,201252.0,192712.0
NA,201310.0,205740.0
NA,201310.0,205740.0
NA,201328.0,199263.0
NA,201333.0,226296.0
NA,201343.0,137824.0
NA,201459.0,149620.0
NA,201554.0,206508.0
NA,201586.0,216328.0
NA,201632.0,215623.0
NA,201639.0,173168.0
NA,201665.0,142039.0
NA,201826.0,116429.0
NA,201864.0,200404.0
NA,201943.9,226108.1
NA,201984.0,110070.0
NA,202109.0,205028.0
NA,202143.0,202618.0
NA,202145.0,105444.0
NA,202164.0,105469.0
NA,202280.0,122229.0
NA,202378.0,218848.0
NA,202399.0,113674.0
NA,202443.0,206287.0
NA,202555.0,111210.0
NA,202785.0,192984.0
NA,202845.0,179844.0
NA,202991.0,142225.0
NA,203050.0,124594.0
NA,203093.0,214640.0
NA,203108.0,180380.0
NA,203173.0,208045.0
NA,203184.0,202292.0
NA,203241.0,180312.0
NA,203325.0,117455.0
NA,203349.0,126205.0
NA,203419.0,172156.0
NA,203466.0,199395.0
NA,203515.0,202482.0
NA,203577.0,117127.0
NA,203752.0,182270.0
NA,203782.0,214494.0
NA,203785.0,171026.0
NA,203795.0,124591.0
NA,203858.0,108989.0
NA,203858.0,108989.0
NA,203875.0,126600.0
NA,203955.0,137858.0
NA,204074.0,179224.0
NA,204077.0,149064.0
NA,204111.0,154790.0
NA,204381.0,202365.0
NA,204381.0,202365.0
NA,204381.0,202365.0
NA,204381.0,202365.0
NA,204381.0,202365.0
NA,204402.0,107383.0
NA,204504.0,173005.0
NA,204674.0,145887.0
NA,204724.0,203290.0
NA,204798.0,185809.0
NA,205027.0,180188.0
NA,205062.0,155069.0
NA,205242.0,131934.0
NA,205299.0,96729.0
NA,205442.0,142106.0
NA,205707.0,214963.0
NA,205897.0,113547.0
NA,205969.0,116510.0
NA,205969.0,116510.0
NA,206021.0,171458.0
NA,206306.0,172557.0
NA,206326.0,131527.0
NA,206477.0,159840.0
NA,206661.0,216602.0
NA,206676.0,144421.0
NA,206800.3,135332.4
NA,206806.0,129346.0
NA,206994.0,160171.0
NA,207110.0,175819.0
NA,207111.0,107719.0
NA,207116.0,175796.0
NA,207223.3,179730.8
NA,207257.0,164852.0
NA,207340.0,148732.0
NA,207352.0,174144.0
NA,207493.0,194961.0
NA,207555.0,148839.0
NA,207563.0,198688.0
NA,207668.0,182188.0
NA,207768.0,131448.0
NA,207936.0,127985.0
NA,208163.0,135020.0
NA,208180.0,188298.0
NA,208194.0,169901.0
NA,208194.0,169901.0
NA,208271.8,151557.8
NA,208447.0,131523.0
NA,208475.0,188500.0
NA,208477.0,204216.0
NA,208608.0,198725.0
NA,208700.0,123756.0
NA,208793.0,123436.0
NA,209114.0,120803.0
NA,209155.0,126867.0
NA,209245.0,180726.0
NA,209522.0,146445.0
NA,209534.0,121030.0
NA,209569.0,104736.0
NA,209749.0,65728.0
NA,209805.0,147328.0
NA,209878.0,168874.0
NA,209881.0,175887.0
NA,209915.0,189644.0
NA,210063.0,139557.0
NA,210144.0,134123.0
NA,210201.8,46492.3
NA,210270.0,154279.0
NA,210285.0,203884.0
NA,210444.0,205725.0
NA,210631.0,122204.0
NA,210811.0,142648.0
NA,210839.0,138195.0
NA,210864.0,180089.0
NA,210871.0,122032.0
NA,210892.0,183976.0
NA,210912.0,175294.0
NA,211124.0,174858.0
NA,211192.0,99182.0
NA,211561.0,107319.0
NA,211707.4,107484.2
NA,211966.0,177932.0
NA,212012.0,174140.0
NA,212118.0,146902.0
NA,212188.0,120358.0
NA,212196.0,122819.0
NA,212251.0,190349.0
NA,212366.0,190197.0
NA,212466.0,103414.0
NA,212595.0,107061.7
NA,212617.0,160891.0
NA,212623.0,61122.0
NA,212673.0,168408.0
NA,212912.0,197835.0
NA,212914.0,214748.0
NA,213057.0,213883.0
NA,213073.0,99440.0
NA,213110.0,70975.0
NA,213128.0,164212.0
NA,213153.0,172240.0
NA,213266.0,129923.0
NA,213359.0,175966.0
NA,213398.0,156378.0
NA,213434.0,43627.0
NA,213459.0,126422.0
NA,213598.0,124065.0
NA,213601.4,86872.9
NA,213639.0,186348.0
NA,213812.0,199792.0
NA,213882.0,83094.0
NA,214077.0,132704.0
NA,214139.0,195601.0
NA,214145.7,107524.5
NA,214215.0,184115.0
NA,214331.0,173092.0
NA,214419.0,156151.0
NA,214444.0,181124.0
NA,214535.0,68247.0
NA,214697.0,120222.0
NA,214707.0,116329.0
NA,214725.0,151386.0
NA,214800.0,142632.0
NA,214870.0,177593.0
NA,215028.0,173092.0
NA,215029.0,179855.0
NA,215039.0,105464.0
NA,215185.0,140925.0
NA,215472.0,130887.0
NA,215696.0,170547.0
NA,215696.0,104281.0
NA,215705.6,114596.2
NA,215721.1,114609.1
NA,215745.0,210879.0
NA,215747.0,120918.0
NA,215834.7,122508.8
NA,215870.0,101093.0
NA,215870.0,101093.0
NA,215933.0,153894.0
NA,215982.5,115028.3
NA,216028.0,91900.0
NA,216028.0,91900.0
NA,216227.0,101727.0
NA,216237.0,128436.0
NA,216247.0,60776.0
NA,216265.0,122859.0
NA,216382.0,45402.0
NA,216398.0,93446.0
NA,216499.0,120007.0
NA,216598.0,95356.0
NA,216873.0,119913.0
NA,216963.0,111070.0
NA,216965.0,149876.0
NA,216970.0,111106.0
NA,217020.0,116404.0
NA,217113.0,148499.0
NA,217127.0,119674.0
NA,217144.0,144409.0
NA,217185.0,147861.0
NA,217215.0,121431.0
NA,217225.0,133361.0
NA,217338.0,149086.0
NA,217370.0,97613.0
NA,217410.0,92996.0
NA,217463.0,92755.0
NA,217532.0,152922.0
NA,217612.0,92804.0
NA,217647.0,143450.0
NA,217819.0,147141.0
NA,217822.0,216476.0
NA,217840.0,131904.0
NA,217851.0,116762.0
NA,217959.0,116794.0
NA,217993.0,161337.0
NA,218077.0,147071.0
NA,218084.0,161233.0
NA,218123.6,93511.5
NA,218298.0,160889.0
NA,218439.0,124894.0
NA,218663.0,121070.0
NA,218781.0,42166.0
NA,219146.3,124805.8
NA,219286.0,118396.0
NA,219607.0,149028.0
NA,219697.0,138418.0
NA,219697.0,138418.0
NA,219801.0,149564.0
NA,219885.0,149913.0
NA,219899.0,94973.0
NA,219985.0,169360.0
NA,220015.0,172784.0
NA,220028.0,168934.0
NA,220070.0,205061.0
NA,220234.0,157133.0
NA,220319.0,149214.0
NA,220397.0,177081.0
NA,220516.0,165080.0
NA,220534.0,124204.0
NA,220536.7,161129.2
NA,220676.0,201042.0
NA,220705.0,115962.0
NA,220803.0,171471.0
NA,220804.0,171473.0
NA,220889.0,176282.0
NA,220936.0,149106.0
NA,220998.2,161545.3
NA,221055.0,132313.0
NA,221089.0,96632.0
NA,221325.0,169281.0
NA,221328.0,123337.0
NA,221580.0,135782.0
NA,221678.0,121501.0
NA,221778.0,179199.0
NA,221891.0,95459.0
NA,221953.0,143475.0
NA,222220.0,177388.0
NA,222305.4,117434.4
NA,222391.0,57229.0
NA,222953.0,216012.0
NA,223002.0,201253.0
NA,223214.0,215743.0
68,223256.0,64921.0
NA,223271.0,176761.0
NA,223372.0,125903.0
NA,223457.0,115607.0
NA,223622.0,201456.0
NA,223624.0,201423.0
NA,223696.0,176650.0
NA,223730.0,133556.0
NA,223752.0,133459.0
NA,223787.0,216878.0
NA,223848.0,209442.0
NA,224040.0,60610.0
NA,224054.0,146656.0
NA,224060.0,169668.0
NA,224155.0,73086.0
NA,224257.0,123525.0
NA,224257.0,123525.0
NA,224476.0,195994.0
NA,224572.0,217311.0
NA,224663.0,137817.0
NA,224682.0,148591.0
NA,224686.0,196592.0
NA,224971.0,63399.0
NA,224994.0,171022.0
NA,225008.0,209405.0
NA,225185.0,109571.0
NA,225223.0,155915.0
NA,225253.0,175672.0
NA,225264.0,161856.0
NA,225264.0,161856.0
NA,225274.0,155911.0
NA,225289.0,214807.0
NA,225304.0,56591.0
NA,225412.0,203963.0
NA,225447.0,135743.0
NA,225523.0,68145.0
NA,225561.0,204014.0
NA,225661.0,126726.0
NA,225669.0,169930.0
NA,225803.0,164892.0
NA,225817.0,56367.0
NA,225848.0,144431.0
NA,225936.0,214873.0
NA,226008.0,204061.0
NA,226032.0,133171.0
NA,226040.0,196563.0
NA,226079.0,160238.0
NA,226106.0,149613.0
NA,226170.0,160505.0
NA,226246.0,174707.0
NA,226259.0,133898.0
NA,226312.0,179209.0
NA,226458.0,210345.0
NA,226625.0,59608.0
NA,226941.0,195105.0
NA,227088.0,151537.0
NA,227246.0,165234.0
NA,227443.0,215113.0
NA,227454.4,217956.1
NA,227454.4,217956.1
NA,227484.0,69324.0
NA,227625.0,127997.0
NA,227796.0,64507.0
NA,227885.0,117514.0
NA,227914.0,64520.0
NA,227922.0,157268.0
NA,228054.0,200389.0
NA,228156.0,198999.0
NA,228192.0,175862.0
NA,228268.0,114786.0
NA,228275.0,145509.0
NA,228355.0,200950.0
NA,228355.0,201175.0
NA,228527.0,44482.0
NA,228552.0,202341.0
NA,228580.0,134588.0
NA,228701.0,206949.0
NA,228756.0,135574.0
NA,228836.0,75872.0
NA,228884.0,161779.0
NA,228885.0,75066.0
NA,228909.0,162230.0
NA,229064.0,125723.0
NA,229155.0,196567.0
NA,229271.0,197390.0
NA,229439.0,207050.0
NA,229439.0,207050.0
NA,229468.0,209131.0
NA,229499.0,147369.0
NA,229507.0,175289.0
NA,229562.0,136441.0
NA,229635.0,174727.0
NA,229822.0,216393.0
NA,229838.0,196745.0
NA,229842.0,206283.0
NA,230040.0,200761.0
NA,230066.0,62152.0
NA,230116.0,215428.0
NA,230427.0,201189.0
NA,230455.0,41595.0
NA,230455.0,41595.0
NA,230570.0,55057.0
NA,230580.0,196538.0
NA,230590.0,196567.0
NA,230673.1,196745.3
NA,230723.3,89174.3
NA,230828.0,30071.0
NA,230844.0,59918.0
NA,230929.0,214002.0
NA,231072.0,207132.0
NA,231107.0,197121.0
NA,231229.0,200160.0
NA,231239.0,219288.0
NA,231264.0,169974.0
NA,231269.0,200016.0
NA,231284.6,106386.9
NA,231302.0,206280.0
NA,231324.0,206818.0
NA,231347.0,199797.0
NA,231366.0,128889.0
NA,231379.0,128975.0
NA,231389.0,198428.0
NA,231394.0,198400.0
NA,231437.0,191974.0
NA,231437.0,191974.0
NA,231462.0,90102.0
NA,231541.0,153394.0
NA,231574.0,96318.0
NA,231638.0,217833.0
NA,231756.0,199730.0
NA,231806.0,218264.0
NA,231874.0,59099.0
NA,231924.0,218051.0
NA,232004.0,25382.0
NA,232077.0,217756.0
NA,232491.0,58567.0
NA,232646.0,207553.0
NA,232788.0,125799.0
NA,232891.0,204603.0
NA,232997.0,125873.0
NA,233003.7,125880.2
NA,233010.0,130725.0
NA,233014.0,156272.0
NA,233014.0,114680.0
NA,233050.0,198890.0
NA,233138.0,208434.0
NA,233161.0,125859.0
NA,233253.2,122131.6
NA,233518.0,31584.0
NA,233767.0,183821.0
NA,233796.0,29251.0
NA,233841.0,198720.0
NA,233907.0,125751.0
NA,234159.0,211383.0
NA,234243.0,177902.0
NA,234272.0,178264.3
NA,234284.0,209680.0
NA,234292.0,198684.0
NA,234302.0,193692.0
NA,234328.0,110510.0
NA,234364.0,56154.0
NA,234479.0,57173.0
NA,234492.0,209425.0
NA,234501.0,193054.0
NA,234602.0,111293.0
NA,234718.0,88138.0
NA,234796.0,210319.0
NA,234799.5,131455.4
NA,234855.0,179663.0
NA,234937.0,115735.0
NA,234951.0,197741.0
NA,235035.0,173416.0
NA,235194.0,173256.0
NA,235329.0,196954.0
NA,235347.0,201906.0
NA,235362.0,187383.0
NA,235376.0,201908.0
NA,235457.0,198176.0
NA,235513.0,173318.0
NA,235581.0,209311.0
NA,235629.0,130064.0
NA,235647.0,180835.0
NA,235688.0,192668.0
NA,235700.0,209241.0
NA,235733.0,169071.0
NA,235854.0,199235.0
NA,235868.0,167195.0
NA,235885.0,179154.0
NA,235953.0,135193.0
NA,235961.0,114772.0
NA,235972.0,210019.0
NA,236020.0,201447.0
NA,236022.0,165602.0
NA,236136.0,199276.0
NA,236136.0,199276.0
NA,236136.0,199276.0
NA,236162.0,114884.0
NA,236185.0,167124.0
NA,236396.0,141487.0
NA,236429.0,153543.0
NA,236576.0,178548.0
NA,236756.0,199605.0
NA,236759.9,136664.0
NA,236809.0,109803.0
NA,236954.0,180175.0
NA,237001.0,193494.0
NA,237243.0,131827.0
NA,237652.0,203280.0
NA,238028.0,203365.0
NA,238474.0,193724.0
NA,238514.0,122274.0
NA,238577.0,203009.0
NA,238606.0,122088.0
NA,238613.0,206900.0
NA,238613.0,206900.0
NA,238675.0,134834.0
NA,238870.0,171095.0
NA,238899.0,88853.0
NA,238919.0,171043.0
NA,238939.0,88670.0
NA,239025.0,176388.0
NA,239025.0,176388.0
NA,239092.0,28812.0
NA,239174.0,193665.0
NA,239237.0,74597.0
NA,239405.0,196216.0
NA,239738.0,169066.0
NA,239906.0,46244.0
NA,239911.0,92770.5
NA,240238.0,205294.0
NA,240320.0,90337.0
NA,240438.0,133653.0
NA,240481.0,25971.0
NA,240553.4,105277.8
NA,240566.0,93055.0
NA,240710.0,147753.0
NA,240808.0,199322.0
NA,240881.0,204389.0
NA,240899.0,201810.0
NA,240929.0,73743.0
NA,241008.0,181978.0
NA,241189.0,160652.0
NA,241233.0,204408.0
NA,241520.0,198991.0
NA,241750.0,159658.0
NA,241772.0,116951.0
NA,241787.0,74567.0
NA,241858.0,201550.0
NA,241879.0,199657.0
NA,241902.0,200776.0
NA,241933.0,201489.0
NA,241969.7,126465.4
NA,242005.0,202098.0
NA,242094.0,199853.0
NA,242712.0,140727.0
NA,242874.0,96637.0
NA,243309.0,200431.0
NA,243523.0,201090.0
NA,243562.0,181771.0
NA,243649.0,32876.0
NA,243831.0,183868.0
NA,243831.0,40433.0
NA,243836.0,77825.0
NA,243897.0,206451.0
NA,243907.0,207953.0
NA,243932.0,200731.0
NA,244171.0,205462.0
NA,244379.0,205673.0
NA,244515.0,63994.0
NA,244620.8,71280.6
NA,244865.0,194041.0
NA,244931.0,208815.0
NA,245038.0,193559.0
NA,245080.0,208998.0
NA,245160.4,209049.2
NA,245259.0,155895.0
NA,245571.0,180574.0
NA,245737.0,65421.0
NA,245746.0,190053.0
NA,245856.0,208499.0
NA,245871.0,191854.0
NA,245887.0,183557.0
NA,245989.0,209433.0
NA,246171.0,189850.0
NA,246175.0,75924.0
NA,246489.0,137774.0
NA,246587.0,195404.0
NA,246609.0,136292.0
NA,246729.0,207631.0
NA,246772.0,133944.0
NA,246983.0,200094.0
NA,247078.0,208787.0
NA,247090.0,154650.0
NA,247097.0,154057.0
NA,247120.0,205877.0
NA,247174.0,153345.0
NA,247189.0,200603.0
NA,247205.0,201224.0
NA,247225.0,201525.0
NA,247312.0,201362.0
NA,247372.0,142095.0
NA,247511.0,203320.0
NA,247538.0,200978.0
NA,247695.0,209044.0
NA,247777.0,207717.0
NA,247782.0,205635.0
NA,247782.0,205635.0
NA,247877.0,154543.0
NA,247891.0,207821.0
NA,247943.0,153368.0
NA,247981.0,198608.0
NA,247981.0,198608.0
NA,247990.0,207743.0
NA,248021.0,153344.0
NA,248024.0,32286.0
NA,248058.0,196109.0
NA,248108.0,206860.0
NA,248132.0,196280.0
NA,248228.0,205088.0
NA,248266.8,153215.4
NA,248316.0,121089.0
NA,248385.0,195842.0
NA,248394.0,160325.0
NA,248855.0,149687.0
NA,248994.0,84161.0
NA,249169.0,144054.0
NA,249247.0,156907.0
NA,249511.0,202933.0
NA,249714.5,149119.5
NA,249796.0,151084.0
NA,249840.0,205259.0
NA,249920.0,197033.0
NA,250045.0,204923.0
NA,250213.0,149528.0
NA,250223.0,46624.0
NA,250390.0,201608.0
NA,250412.0,137282.0
NA,250412.0,137282.0
NA,250412.0,137282.0
NA,250412.0,137282.0
NA,250412.0,137282.0
NA,250412.0,137282.0
NA,250798.0,200155.0
NA,251046.0,203930.0
NA,251111.0,157939.0
NA,251339.0,147620.0
NA,251517.0,76446.0
NA,251517.0,76446.0
NA,251575.0,151040.0
NA,251905.0,138917.0
NA,252157.0,142935.0
NA,252294.0,159702.0
NA,252421.0,135797.0
NA,252526.0,159548.0
NA,253074.6,139088.5
NA,254036.0,154984.0
NA,254693.0,155952.0
NA,254721.0,99966.0
NA,254746.0,100205.0
NA,254835.0,41273.0
NA,256001.0,31229.0
NA,256143.0,156552.0
NA,256370.0,146402.0
NA,257207.0,157383.0
NA,257981.0,144271.0
NA,258601.0,153118.0
NA,258628.6,153721.0
NA,258869.5,124857.5
NA,259104.0,121468.0
NA,259200.0,150674.0
NA,259365.0,125644.0
NA,259908.0,146788.0
NA,259980.0,93348.0
NA,260080.0,109290.0
NA,260203.0,159187.0
NA,260519.0,38076.0
NA,262262.0,120788.0
NA,262871.0,135985.0
NA,263038.0,149359.0
NA,264155.0,156760.0
NA,264786.0,124831.0
NA,264960.0,146549.0
NA,265011.0,153912.0
NA,265180.0,160661.0
NA,266502.0,148045.0
NA,266562.0,120371.0
NA,266776.0,148783.0
NA,267001.0,156779.0
NA,268192.0,103520.0
NA,269172.0,115407.0
NA,269959.0,151322.0
NA,271915.0,151688.0
NA,272410.0,154545.0
NA,272940.0,127403.0
NA,273251.0,130005.0
NA,273417.0,124541.0
NA,273477.0,151999.0
NA,273534.0,130393.0
NA,273779.0,124094.0
NA,274035.0,121111.0
NA,275380.0,130348.0
NA,276493.0,107401.0
NA,276609.0,131135.0
43,278090.0,105344.0
NA,278520.2,121495.1
NA,284374.0,126064.0
NA,286019.0,123925.0
NA,286561.0,124257.0
NA,288187.0,123718.0
