proximity,families,feed,hatcheries,rendac,veterinaries
0.21454,0.00059,0.00074,3e-05,0.00524,0.00378
0.08921,0.00085,0.00047,0.0027,0.01252,0.01032
0.17905,0.00018,0.00114,0.00066,2e-04,0.00174
0.07192,0,0.00034,1e-05,0,0.00192
0.05978,0.00066,5e-04,3e-05,4e-05,0.00167
0.10393,0.00319,0.00192,0.00147,0.00701,0.00318
0.10474,0.00089,0.00059,8e-05,0.00837,0.01129
0.06227,0.00076,0.00061,3e-05,0.01438,0.00689
0.14716,0.00037,0.00062,0.00067,0.00743,0.00939
0.08393,0.00067,0.00029,0,0.00053,0.00404
0.15257,1e-05,0.00099,0.00336,0.00303,0.00276
0.07803,0.00162,0.00174,6e-05,0.00809,0.01264
0.1135,0.00347,0.00084,0.00092,0.01553,0.01321
0.22268,5e-05,0.00124,0.00267,0.00153,0.00339
0.15623,0,0.00089,0.00107,0.01183,0.01188
0.10851,0.00371,0.00036,0.00085,0.00449,0.00839
0.16403,0.00137,0.00165,0.00115,0.01018,0.00455
0.09933,0.00184,0.00164,0.00482,0.01178,0.00192
0.11496,0.00015,0.00036,0.00181,0.00776,0.00542
0.07895,0.00074,2e-04,0.00351,0.01677,0.00475
0.13022,0.00201,0.00046,0.00109,0.00197,0.00038
0.07774,0.00136,0.00025,0.00012,0.00164,0.00615
0.15036,0.00051,0.00041,0.00444,0.00424,0.00197
0.11054,0.00065,0.00083,0.00162,0.01018,0.00569
0.11037,0.00118,0.00101,0.00016,0.00785,0.00764
0.13868,0.00042,0.00228,6e-05,0.00242,0.00618
0.16402,0.00429,0.00028,0.00113,0.00361,0.00265
0.11886,0.0048,0.00064,0,0.00454,0.01013
0.13077,0.00484,0.00194,0.00141,0.01335,0.01063
0.12486,0.00633,0.00101,0.00402,0.0092,0.00964
0.1279,0.00107,5e-05,4e-05,0.00995,0.00829
0.13879,0.00101,2e-05,1e-04,0.0062,0.00687
0.13726,0.00064,8e-05,0.00015,0.00136,0.00728
0.19064,0.00025,2e-04,0.00196,0.00043,0.00108
0.12474,0.0029,1e-05,0.00181,0.00341,0.00078
0.18671,0,3e-05,0.00096,0.0021,0.00343
0.11061,4e-05,0.00185,0.0014,0.01052,0.00371
0.09828,0.00203,0.00027,0.00096,0.01202,0.01311
0.15956,0.00199,1e-04,0.00052,0.00944,0.0095
0.10787,1e-05,0.00166,0.00326,0.00849,0.00497
0.16225,0.00018,0.00078,7e-05,0.00429,0.01302
0.18913,0.00169,0.00158,5e-05,0.00147,0.00024
0.11602,0.00149,0.00033,0.00098,0.00657,0.0091
0.08173,0.00105,0.00057,0,0.00109,0.00556
0.09328,0.00117,0.00023,0.00038,0.00576,0.0129
0.1058,5e-05,0.00044,0.00131,0.00839,0.01264
0.17349,0.00228,0.00051,0.00047,0.00201,0.00175
0.12243,0.00307,0,0.00026,0.0056,0.00271
0.13934,0.00046,0,0.00083,0.00991,0.01583
0.14105,0.00093,0.00135,0.00121,0.01619,0.01082
0.10593,0.00179,0.00051,0.00057,0.01022,0.01037
0.08255,0.00055,0.00227,0.00019,0.00164,0.00099
0.10525,0.00034,0.00084,4e-05,0.00074,0.00467
0.10521,0.00062,0.00052,0.00053,3e-05,0.00167
0.08441,1e-05,0.00197,0.00121,0.01251,0.00491
0.16536,2e-04,0,0.00016,0.0094,0.01273
0.14577,0.00679,6e-05,0.00064,0.00172,0.001
0.06877,0.00103,0.00058,0,0.001,0.00421
0.03718,0.00066,3e-04,0.00014,0,0.00354
0.12809,7e-04,0.00068,0.00114,0.00768,0.01146
0.12533,0.00063,2e-05,1e-05,0.01108,0.00521
0.09439,0.00059,0,0.00186,0.00486,0.00059
0.12001,0.00014,1e-05,0.00206,0.00698,0.0049
0.14313,2e-04,0.00029,0,0.00291,0.00588
0.12527,0,9e-05,0.0035,0.00847,0.00741
0.07548,3e-05,0.00137,1e-04,2e-05,0.00296
0.15391,1e-04,1e-04,0.00166,0.00406,0.00365
0.0842,0.00097,0.00166,0.00038,0.00705,0.00529
0.11721,0.00123,0.00144,0.00021,0.00249,0.00858
0.17847,0.00039,0.00024,0.00134,0.01486,0.00731
0.04439,0.00071,0.00012,0,0.00017,0.00293
0.08771,0.00097,0.00027,0.00251,0.00578,0.00469
0.12782,0.00309,0.00203,0.00039,0.00536,0.01037
0.17653,0.0018,0.00011,0.00031,0.00927,0.00938
0.14837,0.00367,6e-05,0.00109,0.00843,0.00578
0.2047,4e-05,4e-05,0.00087,0.00191,0.00611
0.13648,0.0015,0.00031,0.00354,0.00605,0.00855
0.1705,4e-05,0,0.00062,0.00284,0.00764
0.09573,0.00357,0,0.00136,0.02492,0.01329
0.16867,0.00015,1e-05,0.00022,0.01021,0.01164
0.16556,1e-05,0.00061,0.00449,0.00525,0.00838
0.09976,0.00581,1e-05,0.00119,0.00509,0.00179
0.11993,0.00153,0.00125,0.00105,0.01048,0.01073
0.17144,0.00335,0,0.00151,0.01301,0.00899
0.11042,0,0,0.00109,0.00668,0.00586
0.15122,0.00177,0.00018,0.00031,0.01058,0.00789
0.14253,0.00149,0.00075,0.00191,0.00544,0.01072
0.03229,0.00051,0.00018,1e-04,7e-05,0.00197
0.09465,0.00395,0.00366,0.00588,0.00535,0.00611
0.11042,0.00069,0.00248,0.0014,0.01004,0.00841
0.11962,0.00044,0.00052,0.00091,0.01446,0.01366
0.16674,0.00017,0.00065,0.00067,0.00215,0.00693
0.03057,0.00042,0.00017,0.00012,0.00011,0.00179
0.15825,0.00019,0.00022,0.00058,0.00125,0.00977
0.17398,0.00213,4e-04,2e-04,0.00329,0.01865
0.13862,5e-05,0.00028,0.00129,0.00189,0.00461
0.13772,0.00185,9e-05,0.00117,0.0032,0.00615
0.19028,5e-05,8e-05,0.00028,0.00497,0.00925
0.10538,0.0011,2e-05,5e-05,0.02414,0.01837
0.07352,0.00189,0.00051,1e-05,0.00094,0.00474
0.14551,0.00091,0.00093,0.00027,0.00902,0.01049
0.12791,0.00709,0.00033,0.00131,0.00112,2e-05
0.11824,0.00274,0.00018,0.0012,0.0043,0.00439
0.10589,0.00082,2e-05,0.00064,0.01228,0.01575
0.09667,0.00301,0.00437,0.00173,0.0024,0.01372
0.14685,0.00016,0.00029,9e-05,0.01001,0.01171
0.13866,0.00015,0.00029,0.00062,0.00269,0.00704
0.12505,0.00034,0.0011,3e-05,0.00409,0.00569
0.20612,0.00224,0.00018,0.00034,0.00523,0.00783
0.04109,0.00025,8e-05,4e-05,1e-05,0.00199
0.13543,0.00793,0.00024,0.00038,0.02199,0.01235
0.08474,0.00065,0.00064,0,3e-05,0.00526
0.23188,0.00493,0.00125,0.00069,0.00554,0.01451
0.14073,0.00043,0.00045,0.00268,0.00104,0.00693
0.13565,0,0.00232,0.00101,0.00466,0.00425
0.1989,0.00012,0.00045,0.00087,0.00645,0.00402
0.10679,0.00067,0.00059,5e-05,0.01204,0.00528
0.09919,0.00206,0.00023,0.00066,0.00489,0.01208
0.10131,0.00959,0.00039,7e-05,0,0.00088
0.22544,5e-05,0.00016,2e-05,0.00192,0.00913
0.16798,1e-05,0.00014,1e-05,0.00321,0.00792
0.1167,0.00033,0,0.00017,0.00204,0.00746
0.1875,0.00067,0.00083,0.00011,0.00603,0.00283
0.21086,0.00066,0.00181,0.00068,0.00342,0.00573
0.13803,0.00401,1e-04,0.00012,0.00143,0.00071
0.10027,2e-05,0.00024,0,0.01098,0.0072
0.14151,2e-05,1e-04,0.00128,0.01321,0.01039
0.1343,0.00378,0.00173,0.00148,0.00922,0.01057
0.11391,0.00012,0.00068,4e-04,0.01457,0.01125
0.068,0.00024,0.00021,1e-05,1e-05,0.0021
0.10039,0.00227,0.00132,5e-05,0.00891,0.00793
0.09663,0.00229,0.00085,0.00058,0.00381,0.00397
0.1368,0.00772,0.00011,0.00141,0.00673,0.01244
0.12163,6e-05,0.00069,8e-04,0.00398,0.00647
0.14924,0.00048,0.00016,8e-05,0.00791,0.00269
0.09889,0.00269,5e-05,0.00012,0.00031,0.00395
0.09477,0.00039,0.00057,0,0.00447,0.0102
0.15562,0.00059,0.00056,5e-05,0.00088,0.00356
0.19025,0.00021,0.00016,0.00089,0.00564,0.00904
0.12587,0,0.00026,0.0021,0.00229,0.00547
0.14355,0.00108,0,0.00012,0.0014,0.00403
0.14359,3e-04,4e-05,4e-05,0.00751,0.01055
0.12151,1e-05,0.00067,1e-04,0.00076,0.00332
0.13725,0.00012,6e-05,0.00117,0.00312,0.01179
0.13598,0.00041,0.00067,0.00027,0.00958,0.01009
0.08553,0.01125,0.00028,0.00019,0.00112,0.00538
0.18062,0.00167,0.00052,0.00044,0.00796,0.00398
0.14127,0.00226,0.00037,0.00095,0.01439,0.00905
0.12704,0.00081,1e-05,0.00227,0.00249,0.00226
0.18014,1e-04,3e-05,0.00137,0.00734,0.00268
0.19216,0.00085,0.00282,0.00208,0.00106,0.00973
0.09046,0.00033,0.00269,0.00051,0.00059,0.00116
0.09748,3e-04,9e-05,1e-04,0.00081,0.00161
0.08383,1e-05,0.00066,9e-05,0.00114,0.00727
0.05692,0.00011,0.00039,0.00033,0.01124,0.01213
0.05109,2e-04,0.00039,2e-05,0,0.00411
0.09893,1e-05,1e-05,0.00245,0.01565,0.01436
0.09808,0.00409,4e-05,0.00156,0.0028,0.00063
0.06707,0,0.00156,0.00018,0.0178,0.00938
0.18913,0.00094,0,9e-05,0.00465,0.00558
0.19955,0.00044,6e-05,0.00092,0.00433,0.00459
0.14359,0.00014,0.00098,1e-05,0.00901,0.00707
0.14134,8e-04,0.00094,0.00042,0.00317,0.00349
0.22533,0.0013,5e-05,0.00322,0.00593,0.00654
0.13225,0.00711,0.00017,0.00101,9e-04,0
0.16921,8e-05,0.00027,0.00022,0.00715,0.00435
0.09918,0.00079,0.00055,0.00015,0.00205,0.0043
0.12471,0.00056,0,0.00056,0.0074,0.0026
0.07503,0.00211,0.00185,3e-05,0.01373,0.01217
0.11329,0.00263,0.00182,0.00026,0.00656,0.00867
0.1306,0.00412,0.00037,0.00053,0.00178,0.01107
0.23141,0.00147,6e-05,0.00189,0.00659,0.00539
0.0708,9e-04,6e-05,3e-05,1e-04,0.00537
0.15608,0.00166,0.00058,0.00512,0.00729,3e-04
0.13706,0.00688,0,0.00163,0.00245,0.0022
0.16323,0.00252,0.00207,0.00052,0.00654,0.01107
0.10134,0.00014,3e-05,0.00133,0.0096,0.00557
0.18993,0.00172,0.00099,0.00185,0.00679,0.00348
0.21531,1e-04,0.00014,3e-04,0.00203,0.0056
0.04933,0.00028,0.00028,4e-05,2e-05,0.00337
0.21024,0.00656,0.00028,0.00072,3e-05,0.00054
0.12769,0.00015,3e-05,3e-05,0.00741,0.01748
0.17943,0.00098,0.00078,0.00239,0.00401,0.00944
0.0815,6e-05,0.00175,0.00297,0.0033,0.00631
0.20484,0.00026,8e-05,0.0036,0.00182,0.00333
0.17435,1e-05,3e-05,0.00282,0.00232,0.00512
0.10757,0.00047,0.00216,0.00221,0.00783,0.01682
0.15507,0.00321,4e-04,0.00889,0.00879,0.00584
0.17447,0.00014,4e-04,0.00146,0.00375,0.00645
0.18513,4e-04,0,0.00298,0.01515,0.00752
0.11883,2e-05,0.00034,6e-05,0.0055,0.00546
0.09034,0.00018,0.00033,0,0.00108,0.00335
0.12021,0.00039,0.00042,0.00012,0.00174,0.00357
0.1521,1e-05,6e-05,0.00061,0.02284,0.00824
0.15294,3e-05,0,0.0054,0.00598,0.00245
0.13149,5e-04,0.0012,0.00134,0.00759,0.00629
0.08502,0.00023,3e-05,0.00154,0.0235,0.01182
0.12627,0.00723,0.00026,0.00195,0.00323,7e-04
0.14776,1e-05,7e-04,0.00403,0.01615,0.00428
0.09687,0.00058,3e-05,0.00206,0.00699,0.00512
0.13982,0.00033,0.00072,0.00083,0.00652,0.00442
0.1512,0.00722,4e-05,0.00196,0.00154,1e-05
0.1414,0.00313,0.00094,0.00055,0.00752,0.00756
0.07469,2e-04,0.00145,0.00185,0.01623,0.00376
0.17664,0.00011,3e-05,0.00097,0.00233,0.00419
0.15895,0.00153,2e-05,0.00379,0.01578,0.01043
0.14258,0.00139,5e-05,0.00705,0.00469,0.00316
0.16587,0.00411,0.00073,0.00269,0.01075,0.00169
0.15738,0.00032,0.00071,0.00018,0.00123,0.00294
0.13325,0.00015,0.00042,2e-05,0.00101,0.00563
0.03368,0.00059,0.00024,0.00011,4e-05,0.00221
0.19791,0.00075,7e-05,3e-05,0.00156,0.01323
0.17477,2e-05,0.00093,0.00209,0.01471,0.00978
0.12986,0.00378,0.00056,0.00523,0.00085,0.0011
0.22571,0.00713,0.00164,5e-04,0.00327,0.00184
0.16571,0.01632,0.00077,0.00148,0.00033,1e-05
0.15899,0.00012,0.00037,0.00074,0.02429,0.00881
0.21619,0.00624,0.00023,0.0024,0.00149,0
0.14012,5e-05,3e-04,7e-05,0.00049,0.01072
0.13147,0.0022,0.00067,7e-04,0.00911,0.00801
0.16233,0.00044,0,0.00067,0.00231,0.00359
0.09006,0.00113,0.00027,0.00131,0.00404,0.00321
0.17318,0.00327,0.00052,0.00402,0.00343,0.00319
0.18795,0.00323,7e-05,0.00067,0.00309,0.00262
0.13986,0.00025,0.00035,0.00015,0.00801,0.01022
0.20221,0.00109,3e-05,0.00156,0.01084,0.01013
0.17272,0.002,0.0014,0.00142,0.01058,0.01048
0.1229,0.00012,0.00025,0.00015,0.00228,0.00666
0.21771,6e-05,2e-04,0.00279,0.00664,0.00809
0.11871,0.00031,0.00173,8e-04,0.00593,0.00448
0.21314,0.00023,1e-05,0.00031,0.00923,0.0094
0.1578,0.00026,0.00025,0.0028,0.01213,0.00914
0.24529,0.00387,1e-05,7e-04,0.00552,0.00822
0.18122,2e-05,0.00025,0.00348,0.00364,0.00615
0.1814,0.0043,0.00023,0.00261,0.0061,0.00112
0.17628,0.00246,1e-05,0.00461,0.00714,0.00148
0.18507,0.00024,0.00042,0.00128,0.01051,0.01592
0.19011,0.00423,2e-05,0.00209,0.00309,0.00206
0.12687,4e-05,0.00012,0.00283,0.01202,0.01616
0.2236,0.00218,5e-05,0.00073,0.00544,0.00142
0.15452,1e-05,0.00182,0.00276,0.00501,0.00835
0.17451,4e-05,0.00068,0.00012,0.00091,0.00542
0.20048,0.00393,0.00042,0.00333,0.0064,0.00389
0.14289,0.00021,0.00256,0.00022,0.00196,0.00913
0.05624,0.00041,0.00192,0.00067,0.01589,0.00846
0.15289,0.00084,0.00221,0.00152,0.009,0.00398
0.18509,0.00192,0.00013,0.00469,0.00242,0.01066
0.11484,0.00059,0.00058,0.00031,0.00276,0.00779
0.11139,7e-05,0.00031,0.00014,0.00283,0.00646
0.15228,0.00034,0.00016,0.00183,0.00501,0.01249
0.22041,4e-04,9e-05,0.00221,0.00181,0.0024
0.18305,0.00223,0.00049,0.00094,0.01667,0.01537
0.05886,0.00269,0.0032,3e-04,0.02268,0.01374
0.09042,4e-05,0.00085,0.00161,0.02026,0.00578
0.13075,0.00381,0.00045,0.00115,0.00994,0.01194
0.08141,0.00269,0.00021,0.00189,0.00176,0.00039
0.04164,0.00057,0.00027,7e-05,2e-05,0.0025
0.17102,0.00276,0.00107,0.0016,0.00327,0.00274
0.17584,0.00158,0.00326,0.00169,0.00274,0.01
0.20033,0.00076,0.00054,0.00197,0.00094,0.0049
0.18402,0.00017,0.00068,0.00072,0.01005,0.00695
0.11346,9e-05,0,0.00399,0.01472,0.00639
0.18154,0.00038,9e-05,0.0044,0.00723,0.00216
0.2927,3e-04,0.00027,0.00131,0.00283,0.00561
0.08685,0.00053,0.00021,8e-04,0.0096,0.00274
0.13473,9e-05,0.00094,0.00125,0.00864,0.00494
0.20232,0.00195,1e-05,0.00064,0.00199,0.00316
0.1431,0.00153,0.00047,0.00041,0.01116,0.00682
0.14021,0.00017,0.00031,0.00283,0.00058,0.00441
0.24124,0.00025,1e-04,8e-04,0.00193,0.00547
0.16496,0.00155,0.00132,2e-05,0.00561,0.00376
0.20615,8e-05,0.00112,0.00017,0.00231,0.00497
0.15745,0.00142,7e-05,0.00016,0.00742,0.01315
0.24251,0.00023,0.00046,0.00199,0.00119,0.00793
0.11004,1e-05,0.00148,0.00042,0.00952,0.00968
0.21868,0.00758,1e-05,5e-05,0.00272,0.00273
0.24788,2e-05,9e-05,0.00056,0.00374,0.00987
0.21777,0.00068,0.00032,0.00052,0.00364,0.0028
0.19819,0.00039,5e-04,0.00118,0.00368,0.01004
0.20597,0.00056,0.00256,0.00034,0.00447,0.00781
0.12764,6e-05,0.00582,0.00047,0.00529,0.0016
0.06264,0.00028,0.00058,6e-05,4e-04,0.00387
0.15797,0.00044,0.00011,6e-04,0.00708,0.00402
0.06296,0.00012,0.00025,5e-05,5e-05,0.00224
0.26459,0.00204,0.00135,0.00246,0.01497,0.00861
0.17149,0.00026,0.00028,5e-04,0.00325,0.00593
0.08278,0.00149,0.00096,0.0025,0.00673,0.01398
0.19558,0.00065,0.00012,0.00253,0.00731,0.00784
0.12656,0.00048,0.00044,0.00139,0.00445,0.00361
0.10911,0.00109,0.00226,0.00091,0.0088,0.00936
0.16424,0.00106,0.00042,2e-04,0.01015,0.0146
0.14918,0.00027,0.00145,0.00099,0.00693,0.0042
0.10232,0.00102,0.00103,0.00168,0.01424,0.00651
0.19542,3e-05,0.00043,4e-05,0.01772,0.0058
0.17476,0.00094,0,0.00307,0.01243,0.01074
0.1325,0.00067,0.00052,0.00205,0.0038,0.00349
0.10774,0.00019,0.00147,0.00272,0.00456,0.00625
0.15571,3e-05,6e-05,0.00059,0.01538,0.00767
0.20829,0.00158,8e-05,0.00023,0.00546,0.00539
0.21343,0.00071,9e-05,0.00088,0.00928,0.00527
0.12989,0.00045,0.00099,0.00106,0.01417,0.0069
0.14763,0.00023,0.00018,0.00159,0.00217,0.00636
0.1879,0.00192,0.00066,0.00202,0.01842,0.01564
0.10451,0.0014,5e-05,0.00032,0.00602,0.00166
0.11584,0.00045,0.0011,0.00204,0.01517,0.01109
0.04037,0.00096,0.00034,2e-05,0,0.00277
0.14158,0.00024,0.00037,0.00474,0.01009,0.00169
0.11631,0.00065,0.00108,2e-04,0.00922,0.00752
0.20542,0.00143,0.00028,0.00053,0.00044,0.00601
0.10224,0.00194,0.00223,6e-04,0.00113,0.00279
0.07794,0.00034,2e-05,0.0063,0.00387,0.00466
0.12239,0.00126,0.00034,0.00083,0.00462,0.01104
0.1463,0.0078,7e-05,0.00315,0.0012,0
0.24243,2e-05,3e-05,0.00035,0.00465,0.00278
0.16789,0,0.00018,0.00045,0.00564,0.00147
0.20186,0.00247,0,0.00198,0.00908,0.01246
0.14974,0.00042,0.00061,0.00126,0.0138,0.01501
0.10457,0.00046,0.00078,0.00288,0.0016,0.00408
0.12498,0.00017,0.00022,0.0017,0.00519,0.0095
0.08567,0.00081,9e-05,0.00202,0.00322,0.00597
0.09074,0.00012,0.00012,0.00024,0.00485,0.00634
0.17644,0.00239,0.00018,0.00073,0.00499,0.00694
0.19088,0.00222,0,0.00131,0.013,0.00945
0.21911,0.00364,0.00066,0.00204,0.0043,0.00178
0.13777,0.00026,0.00058,0.00036,0.00307,0.00477
0.20034,0.0021,0.00189,0.00034,0.00436,0.00935
0.14519,0.00074,2e-05,0.00179,0.00657,0.00936
0.14637,0.00275,3e-05,0.00047,0.00166,0.00088
0.14116,0.00409,1e-04,0.00021,0.00169,0.00317
0.15699,0.00065,8e-04,0.00251,0.01195,0.00691
0.10792,0.00991,0.00021,0.00132,0.00502,0.00117
0.11448,7e-05,0.00065,2e-05,0.00151,0.00637
0.13545,0.01218,5e-05,0.00107,0.00155,0.00032
0.12229,0.00034,0.00061,0.00088,0.01005,0.00494
0.13871,0.00327,0.00149,0.00083,0.01358,0.00959
0.21006,0.00106,0.00103,0.00015,0.00661,0.01392
0.17148,3e-05,0.00118,0.00175,0.00262,0.01078
0.10683,0.00244,5e-05,0.00047,0.00653,0.0205
0.09925,0.00059,8e-05,0.00174,0.00391,0.00549
0.17125,0.00087,0.00084,0.0023,0.00808,0.00758
0.12553,0.00122,1e-05,0.00295,0.01306,0.00731
0.23067,0.00397,0.00073,0.00064,9e-05,0.00192
0.17115,5e-05,0.00108,1e-05,0.00016,0.00388
0.12947,0.01887,0.00103,0.00103,0.00163,3e-05
0.13704,0.00511,0.00018,0,0.00526,0.00917
0.24922,0.00065,0.00049,0.00187,0.01212,0.00281
0.13864,0.00091,0.00056,8e-05,0.01428,0.00568
0.17016,0.00143,0.00048,0.00013,0.00636,0.00245
0.13362,1e-05,0.00155,0.00275,0.00698,0.00671
0.13816,0.00037,5e-04,0.00457,0.01081,0.00835
0.15969,2e-05,0.00049,0.00143,0.00953,0.00683
0.11198,0.00306,0.00084,0.00403,0.01126,0.00976
0.16913,1e-05,0.00211,0.00135,0.01355,0.00089
0.12297,0.00019,0.00191,0.00194,0.00853,0.00746
0.13084,0.01374,0.00018,0.00208,0.00224,3e-04
0.16094,9e-05,4e-05,0.00293,0.00238,0.00296
0.09168,2e-04,0.00253,0.00095,0.00381,0.00477
0.16832,0.00036,0.00076,0.00015,0.00649,0.00977
0.1706,1e-05,1e-05,0.0018,0.00229,0.00448
0.11891,0.00047,0.00055,0.00507,0.00579,0.00511
0.11987,0.00011,1e-04,0.00088,0.00473,0.01115
0.17221,0.00108,5e-05,0.00054,0.0034,0.00452
0.14242,0.00295,0.00054,0.00115,0.01884,0.0098
0.0808,0.00062,1e-05,0,0.00079,0.00487
0.17047,0.00381,3e-05,0.00126,0.00135,0.00033
0.075,0.00255,0.00083,0.00017,0.01024,0.00855
0.23019,0.00053,0.00026,0.00148,0.00854,0.00652
0.14625,0.00344,0.00074,1e-05,0.00146,0.00404
0.25012,0.00858,0.00044,0.00109,0.00127,0.00024
0.1487,0.00025,0.00136,0.00091,0.00693,0.00323
0.10432,0.00118,0.00012,0.00136,0.00567,0.00335
0.16619,0.00024,0.0068,0.00523,0.00837,0.00209
0.15015,0.00339,0.00038,0.00115,0.00284,0.00494
0.12342,0.00162,0,4e-04,0.00157,0.00151
0.18747,2e-05,2e-05,0.00385,0.01169,0.00472
0.174,0,0.00013,0.00204,0.01166,0.00696
0.15222,0.00189,0,0.00685,0.0067,0.00487
0.18986,0.00182,0,0.00512,0.00765,0.00245
0.1423,0.00381,2e-05,0.00017,0.00484,0.00636
0.16246,0.00054,2e-04,0.00358,0.00482,0.0076
0.09485,0.00037,1e-05,1e-04,0.02813,0.00609
0.14099,2e-05,0.0012,2e-05,0.00078,0.0067
0.13654,0.00107,0.00086,0.00239,0.00872,0.00644
0.15944,0.00557,0.00014,0.00045,0.00409,0.00203
0.13597,0.01747,0.00023,0.00148,0.00094,0.00017
0.09947,0.00072,0.00159,0.00158,0.02017,0.00733
0.19267,0.00224,0.00035,0.00163,0.00451,0.0039
0.24581,9e-04,4e-05,0.00123,0.00883,0.01116
0.15998,0.00153,5e-05,0.00146,0.00209,0.00324
0.14953,0.00176,3e-04,0.00302,0.00403,0.00183
0.16989,0.00211,9e-05,0.00014,0.00735,0.01124
0.23922,0,0.00117,0.00175,0.00077,0.01177
0.17915,0.00683,0.00051,0.00034,0.00342,0.00388
0.15338,2e-05,2e-05,0.00103,0.00285,0.00635
0.17233,0.00091,0.00025,0.00014,0.01111,0.01347
0.20753,0.00088,5e-04,0.0021,0.00529,0.00717
0.14366,0.00062,1e-05,0.00246,0.00779,0.01949
0.09067,0.00011,0.00121,0.00062,0.00427,0.0059
0.10783,0.00488,0.00035,0.00065,0.00337,0.00071
0.21669,0.00012,0.00032,0.00052,0.01089,0.0091
0.15942,1e-05,9e-05,0.00138,0.00601,0.00489
0.09519,0.00096,0.00015,5e-05,0.01032,0.00852
0.13671,5e-05,0.00023,0.00245,0.0023,0.00286
0.19719,0.00384,0.00015,0.00037,0.00439,0.00204
0.22163,6e-05,0.00011,0.00039,0.01019,0.00664
0.09455,0.00339,0.00043,0.00533,0.01147,0.00579
0.24233,0.00705,0.00084,0.0011,0.00101,0.00099
0.2101,0.00286,0.00015,0.00085,0.01196,0.01051
0.14279,0.00344,0.00029,0.00041,0.00955,0.00213
0.15061,0.00024,0.00043,2e-05,0.00149,0.00211
0.03113,0.00059,0.00021,9e-05,5e-05,0.00206
0.13834,0.00032,0.00011,0.00672,0.00877,0.00435
0.12741,0.00978,0.00023,0.00296,0.00302,1e-04
0.24799,0.00249,0.00053,0.00087,0.00037,0.00142
0.20446,0.00153,3e-05,0.00011,0.00793,0.00296
0.2204,6e-05,0.00048,0.00374,0.00838,0.00265
0.12951,0.00016,0.00029,0.00142,0.00233,0.00693
0.0984,0.00066,1e-04,0.00238,0.02077,0.01193
0.09488,0.00065,0,0.00334,0.0191,0.00469
0.20707,5e-05,0.00092,0.00124,0.00707,0.0056
0.12676,0.00113,2e-04,0.00122,0.00971,0.01026
0.18485,0.00298,0.00213,2e-04,0.00478,0.01058
0.21164,0.00219,0.00027,0.00193,0.00412,0.00684
0.15101,1e-05,0.00031,0.00049,0.00869,0.00615
0.08518,0,0.00161,0.00027,0.00617,0.00253
0.13349,0.01095,1e-05,4e-04,0.00167,0.00028
0.16465,0.00031,9e-05,0.00177,0.00782,0.00494
0.15956,0.00197,0.00145,0.00092,0.004,0.00605
0.14853,0.00146,8e-05,9e-05,0.00458,0.0063
0.19532,4e-04,0.00063,0.00209,0.00185,0.00339
0.26637,6e-04,0.0012,0,0.00571,0.00784
0.13482,0,0.00088,0.0089,0.0025,0.00457
0.20012,0.00021,8e-05,0.00153,0.00266,0.0053
0.16954,0.00233,0.00112,0.00293,0.01828,0.01373
0.15608,5e-05,3e-05,0.00355,0.00502,0.00772
0.06222,0,1e-05,0.00013,0.00093,0.0011
0.17249,0.00025,4e-05,0.00016,0.00306,0.00472
0.1567,2e-04,6e-05,7e-05,0.00225,0.00176
0.1367,0.00023,0,0.00019,0.00672,0.00572
0.1146,2e-04,7e-05,0.00209,0.01482,0.00942
0.14564,0.00033,0.00064,0.00215,0.01176,0.00682
0.13668,0.00119,0.00069,0.00016,0.0033,0.00592
0.13796,0.00955,0.00079,0.00109,0.00323,0.00024
0.16502,0.00041,0.00025,1e-05,0.00274,0.00445
0.10871,4e-05,9e-05,0.00497,0.00738,0.00256
0.09492,0,0.00019,0.00285,0.00955,0.00106
0.1087,0.00139,0.00123,7e-05,0.00495,0.00826
0.13277,0.00784,0.00053,0.00123,0.00351,0.00086
0.17586,0.00097,0.00029,0.00046,0.0019,0.0053
0.21938,1e-05,0.00128,1e-05,0.00168,0.00381
0.18923,0.00322,0.00356,0.008,0.0049,0.00167
0.23714,0.00012,4e-05,0.00062,0.00247,0.00344
0.10621,0.00072,0,0.00318,0.00604,0.00589
0.14166,0.00072,0.00244,1e-04,0.0073,0.00462
0.15526,0.01236,0.00057,0.00133,0.00233,0.00017
0.1757,0.00036,8e-05,0.00232,0.01668,0.00461
0.19563,0.00187,2e-05,0.00153,0.00449,0.00045
0.22558,5e-04,0.00075,0.0014,4e-05,0.00279
0.15903,0.00558,0.00079,0.00224,0.00131,0.00263
0.02607,0.00041,0.00016,0.00016,0.00012,0.00166
0.16599,0.00614,7e-05,0.00185,0.00414,0.0106
0.11561,0.00064,1e-05,0.00077,0.00995,0.00746
0.18146,0.00164,0.00043,5e-05,0.00322,0.00201
0.09115,0.00013,2e-05,0.00168,0.00763,0.00713
0.08171,0.00477,0,0.00289,0.00198,0.00016
0.13619,0.00069,0.00038,0.00021,0.00773,0.00294
0.14785,0.00254,0.00088,0.00058,0.01015,0.00481
0.19025,5e-04,0,0.00065,0.00498,0.00711
0.16178,0.00011,6e-05,0.00176,0.00321,0.0119
0.14178,6e-05,1e-05,0.00651,0.00061,0.0061
0.21777,0.00728,0.00183,0.00187,0.00206,2e-04
0.19141,0.00498,0.00221,0.00093,0.00395,0.00105
0.19308,0.00276,0.00062,0.00064,0.00952,0.00548
0.16198,0.00028,0.00025,0.00024,0.0018,0.00589
0.15375,8e-04,0.00015,0.00033,0.01024,0.01047
0.18698,0.00211,3e-05,0.00135,0.00344,0.00216
0.15614,0.00021,0.00016,0.00096,0.00624,0.00999
0.07317,4e-04,1e-05,0,0.00018,0.00298
0.16165,0.00093,0.00016,0.00434,0.00513,0.00103
0.07237,0.00046,9e-04,9e-05,0.00118,0.00514
0.11717,0.0039,1e-05,0.00042,0.00213,0.00383
0.19808,1e-05,5e-05,0.00565,0.00323,0.00195
0.11721,5e-05,0.00035,0.00178,0.0033,0.01268
0.20914,0.00634,0.00156,0.00096,0.00145,0.00022
0.15347,0.00111,0.00017,0.00036,0.00117,0.00981
0.26186,0.00054,0.00034,0.00142,0.00354,0.00144
0.20218,0,0.00171,0.00395,0.01186,0.00375
0.11097,0.00036,3e-05,0.00033,0.00539,0.00512
0.17904,0.00023,0.00032,0.00082,0.00856,0.00182
0.15838,0.00154,0.00085,6e-04,0.0055,0.00727
0.15945,2e-04,0,0.00264,0.00772,0.00511
0.14377,0.00048,7e-05,3e-05,0.00615,0.0068
0.0942,0.0022,0.00055,0.00416,0.01603,0.00916
0.18201,0.0015,2e-05,0.00095,0.00546,0.00776
0.1448,0.00091,0.00019,0.00044,0.00842,0.01232
0.19889,0.00168,0,0.00052,0.00331,0.00031
0.2284,7e-05,1e-05,0.00188,0.00367,0.00549
0.14518,0.00148,0.00228,0.00138,0.00379,0.00571
0.10713,0.00749,2e-05,0.003,0.00433,0.00183
0.15932,0.00934,0.00014,0.00501,0.00853,0.02936
0.21974,0,0.00043,2e-05,0.01072,0.01032
0.14665,0.00025,3e-05,0.00235,0.0123,0.00765
0.14434,0.00139,0.00025,0.01169,0.00457,0.00291
0.15511,0.00044,0.00069,0.00145,0.01257,0.00447
0.15115,0.00044,5e-05,0.00048,0.00161,0.00338
0.16488,0.00135,0.00032,0.00141,0.00164,0.00255
0.14831,0,5e-05,0.00555,0.00412,0.00691
0.20424,0.00018,0.00195,0.00022,0.00399,0.00838
0.19841,0.00099,0,0.00102,0.00291,0.00203
0.22051,0.01025,0.00078,0.00148,0.00018,7e-05
0.12197,2e-05,0.00044,0.0013,0.00828,0.00897
0.15616,0.00187,0.00058,0.00191,0.01368,0.0133
0.09409,0.00131,0.00056,0.00428,0.0054,0.00531
0.04232,0.00098,0.00029,3e-05,1e-05,0.00344
0.09941,1e-04,0.00164,0.00462,0.0105,0.00847
0.1538,0.00278,0.00064,0.00082,0.00526,0.00326
0.1787,0.00026,0.00011,0.00156,0.00336,0.00443
0.18877,2e-05,0.00072,0.00026,0.00745,0.00389
0.19923,0,0.00022,0.00046,0.00844,0.01309
0.17444,5e-05,2e-04,0.00058,0.00908,0.01184
0.11704,0.00131,0.00249,0.00248,0.01594,0.00218
0.09295,8e-05,0.00033,0.00047,0.00391,0.00429
0.16314,0.00013,1e-04,0.00022,0.00277,0.00371
0.0275,0.00054,0.00023,0.00014,6e-05,0.00219
0.18541,0.00837,5e-05,0.00035,0.00967,0.0135
0.17224,0.00124,0.00093,0.00032,0.00271,8e-04
0.14349,0.00235,8e-04,0.00081,0.00727,0.00695
0.12713,0.00034,8e-05,0.00142,0.0071,0.00601
0.10374,0.00031,0.00144,0.00012,0.00204,0.00726
0.03817,0.00163,0.00036,0.00051,0.00299,0.00404
0.08395,1e-05,0.00108,0.0048,0.00579,0.00343
0.09846,0.00273,0.00138,0.00028,0.00335,0.01071
0.14067,0.00039,0.00136,0.00531,0.00515,0.00587
0.12797,0.00045,0.00188,5e-04,0.00388,0.00377
0.18097,0.00038,6e-05,0.00148,0.00218,0.00271
0.19562,0.00016,0.00039,1e-05,0.00127,0.00301
0.13417,0.00014,7e-05,0.0012,0.00857,0.0026
0.163,0.00466,2e-04,0.00037,0.00224,0.00024
0.11523,0.00023,0.00036,8e-05,8e-04,0.00231
0.12908,0.00165,1e-04,0.00105,0.00369,0.00193
0.13875,0.00184,0.00213,0,0.01012,0.00831
0.16506,0.00014,0.00019,0.00084,0.00296,0.01141
0.09893,8e-05,0.00071,0.00024,0.00993,0.01458
0.14728,0.00135,0.00017,0.00014,0.01358,0.00302
0.19243,0.00066,2e-04,9e-04,0.0036,0.00524
0.08861,0.00113,9e-05,0.00024,0.00452,0.00864
0.08146,5e-05,0.00144,2e-05,0.00773,0.00422
0.10576,7e-05,0.00091,0.00219,0.00618,0.01723
0.14025,0.00045,0.00189,0.00041,0.00824,0.00805
0.12518,0.0023,0.00077,0.00142,0.00976,0.00162
0.17075,0.00459,0.00052,0.00091,0.00764,0.0147
0.13787,0.00821,2e-05,0.00043,0.00177,1e-05
0.14563,0.00383,0.00014,0.00284,0.00456,0.0017
0.14003,0.00122,0.00016,0.00113,0.01038,0.00335
0.10116,0.00141,0.00072,4e-05,0.00046,0.00596
0.11891,2e-05,1e-05,0.00036,0.01038,0.00963
0.11772,0.00152,0.00048,3e-05,0.00156,0.00632
0.11643,0.00175,0.00148,3e-05,0.01232,0.01366
0.16344,3e-05,0.00126,5e-04,0.00973,0.00524
0.18177,0.00114,0.00017,0.00033,9e-04,0.00623
0.10739,0.00182,0.00036,0.00523,0.00764,0.00662
0.17501,0.00367,3e-05,0.00188,0.01183,0.00749
0.12414,9e-05,0.0012,0.00014,0.0066,0.01066
0.17993,0.00081,3e-05,2e-05,0.00429,0.00566
0.09561,0.00477,1e-05,0.00016,0.00871,0.01443
0.16246,0.00322,0.00025,0.00053,0.00198,0.0061
0.17157,2e-05,0,0.00371,0.00854,0.00206
0.17558,0.00126,2e-05,0.00099,0.00058,0.00872
0.08141,0.00154,0.00016,8e-05,0.00172,0.00654
0.22406,0.00037,0.00239,0.001,0.01868,0.01217
0.23711,0.00258,0,0.00073,0.0038,0.0061
0.09411,3e-04,0.00203,0.00214,0.00751,0.01424
0.14083,0.00316,8e-05,0.00031,0.00619,0.00268
0.12371,0.00041,0.00037,0.00014,0.00837,0.00412
0.12778,0.00074,7e-05,0.00163,0.00443,0.00615
0.17178,5e-04,0.00038,0.00136,0.00138,0.00218
0.1282,4e-04,0.00031,0.0011,0.00656,0.00964
0.09798,4e-05,3e-05,0.00289,0.00591,0.0031
0.10648,0.00876,4e-05,0.00161,0.00101,8e-05
0.1847,0.00224,0.00025,0.00191,0.00579,0.01063
0.13344,0,2e-04,0.00018,0.00231,0.01081
0.17293,0.00059,0,0.00029,0.0128,0.01489
0.1303,0.00076,0.00038,0.00047,0.00533,0.01175
0.11764,0.00111,0.00013,0.00088,8e-04,0.00462
0.12007,0.00013,0.00018,0,0.00784,0.00618
0.14504,0.00018,1e-05,0.00091,0.00041,0.0025
0.23407,4e-05,0,0.00235,0.00733,0.00279
0.1456,2e-05,0,0.00568,0.00283,0.00176
0.23494,0.00181,5e-05,8e-05,0.00094,0.00932
0.14373,0.00047,0.00259,0.00015,0.00287,0.01394
0.10456,0,0.00013,0.00066,0.0073,0.00514
0.1355,0.00039,2e-05,0.00114,0.00402,0.00889
0.13096,0.00083,1e-04,0.00039,0.00396,0.00151
0.12121,0.00018,0.00306,0.00049,0.00611,0.00621
0.16111,0.00406,0.00099,0.00116,0.01528,0.01002
0.11609,0.00355,0.00033,0.0017,0.00299,2e-04
0.13926,0,0.00013,0.0028,0.00365,0.00741
0.17976,0.00185,2e-04,4e-04,0.00836,0.00291
0.04176,0.00043,0.00018,0.00013,5e-05,0.00237
0.10474,0.00036,0.00052,0.00012,0.00895,0.01038
0.13877,0.0011,0.00078,0.00221,0.00915,0.00985
0.1368,0.00569,0,0.00033,0.00356,1e-05
0.15966,7e-04,0.00364,0.00267,0.00837,0.01017
0.11475,0.00273,0.00102,0.00032,0.007,0.00655
0.18723,0.00112,0,0.00109,0.01236,0.008
0.13826,0.00109,0.00038,0.00013,0.00836,0.00988
0.12159,0.00079,0,1e-04,0.00478,0.0079
0.15374,0.0028,1e-05,0.00068,0.00488,0.01072
0.1262,0.00024,1e-05,0.00079,0.00307,0.00499
0.20599,0.00014,9e-05,0.00285,0.0058,0.00436
0.13601,0.00025,0.00018,0.00114,0.00497,0.00156
0.15521,0.00271,0.00043,5e-05,0.0023,0.00372
0.24407,0,1e-05,0.00151,0.00717,0.00473
0.19046,0.00374,8e-05,0.00137,0.00016,0.00599
0.11579,3e-05,0.00145,2e-05,0.00341,0.00734
0.04983,0.00076,0.00109,3e-05,0,0.01046
0.13015,0.00072,0,0.00127,7e-05,0.00309
0.13609,0.00144,0.00165,0.00022,0.00739,0.01399
0.13218,1e-05,0.00055,0.00116,0.00517,0.00693
0.06662,0.00024,0.00163,0.002,0.00568,0.00576
0.15869,0.00099,0.00031,0.00131,0.00766,0.00887
0.13002,0.00419,0.00108,0.00079,0.00582,0.0114
0.13126,0.00459,0.00134,0.00099,0.0076,0.01013
0.1544,0.00243,0.00011,2e-05,0.00468,0.00831
0.21554,0.00222,0.00014,0.00021,0.00427,0.00196
0.09229,0.001,2e-04,1e-05,0.00518,0.00804
0.12759,0.00215,0.00022,0.00059,0.01439,0.01072
0.11149,0.00202,0.0032,0.00091,0.00191,0.00309
0.08929,0.00207,0.00316,1e-05,0.01269,0.01119
0.09132,0.00069,2e-05,0,0.00575,0.00975
0.14176,0.00428,6e-04,0.00185,0.01004,0.00782
0.03953,0.00065,0.00029,0.00017,0,0.00293
0.13545,0.00014,0.00045,6e-05,0.0015,0.00366
0.02713,0.00064,0.00017,0.00013,5e-05,0.00197
0.11516,0.00447,4e-04,0.00291,0.01213,0.00706
0.09854,0,0.00109,0.00043,0.00258,0.00437
0.12283,0.00031,1e-05,0.00128,0.00928,0.01003
0.1446,0.00268,0.00051,2e-05,0.00197,0.00643
0.10628,0.01378,0.00124,0.00147,0.00242,0.00051
0.14212,0.00483,0.00341,0.00093,0.00619,0.00938
0.09508,0.00023,2e-04,1e-05,0.00072,0.00288
0.1517,0.00063,0.00011,0.00049,0.00485,0.00629
0.19735,0.00121,1e-05,7e-05,0.00573,0.00637
0.156,8e-05,2e-05,0.0023,0.0087,0.00632
0.07005,0.00302,0.00239,0.00087,0.00332,0.00974
0.18738,1e-05,0.00015,0.00087,0.00192,0.0033
0.07348,0.00342,0.00023,0.00166,0.00994,0.01344
0.11755,0.00213,0.00013,0.00359,0.00641,0.01313
0.08634,1e-05,0.00177,0.00124,0.00569,0.00773
0.14797,8e-04,0,0.0011,0.01182,0.00891
0.15615,0.00079,0.00032,0.00085,0.00325,0.00157
0.1638,0.00057,3e-04,0.00159,0.00719,0.00631
0.10029,0.00169,4e-05,0.00353,0.01581,0.00378
0.18423,0.00336,8e-05,0.00039,0.0059,0.01721
0.11294,0.0028,0,0.00171,0.00447,0.00402
0.17483,0.00252,0.00025,0.00016,0.00736,0.01033
0.06574,0.00123,0.00203,0.00221,0.00457,0.00199
0.21427,0.00032,3e-05,0.00209,0.0017,0.00301
0.11386,0.00314,4e-05,0.00096,0.01215,0.01328
0.08194,0,4e-05,0.00018,0.00522,0.00446
0.11319,0.00071,0.00225,0.00076,0.00436,0.01688
0.0876,0.00205,0.00243,2e-05,0.00498,0.00933
0.14372,0.00065,0.00138,0.00072,0.01658,0.00878
0.18379,4e-05,0.00037,0.00045,0.00017,0.00389
0.12035,0.00762,0.00028,7e-04,0.00321,0.00098
0.17038,0.00183,0.00011,0.00011,0.00461,0.00069
0.19117,0.00048,0.0013,0.00036,0.00143,0.00718
0.10538,7e-04,0.00051,5e-04,0.00123,0.01336
0.13117,4e-05,0,0.00196,0.00676,0.0112
0.11675,0.00088,0.00128,2e-05,0.00648,0.01365
0.11498,0.00152,0.00068,0.00031,0.00221,0.00476
0.13612,0,6e-04,0.00047,0.00977,0.00712
0.16768,0.00074,6e-05,7e-04,0.00524,0.01087
0.18493,0.00123,0.00071,0.00082,0.00648,0.00487
0.14465,0.00019,0.00155,0.00075,0.00284,0.00499
0.13689,5e-05,0.00071,0.00217,0.00377,0.00554
0.07105,2e-05,0.00147,0.00086,0.01318,0.00802
0.13351,0.00397,0.00014,0.00231,0.00222,0.00045
0.16635,0.00355,0,0.00175,0.00693,0.00068
0.17362,0.00046,0.00062,0.00083,0.00716,0.00201
0.19202,0.00025,0.00059,0.00403,0.01797,0.00997
0.20875,0.00285,0.00023,0.00045,0.00288,0.00219
0.1573,0.00011,0.00069,0.00155,0.00509,0.00457
0.15897,0.00281,0.00085,0.00132,0.01183,0.00866
0.08641,0.00029,0.00059,0.00078,0.01981,0.01264
0.17768,0.00124,0.00031,0.00101,0.00316,0.00076
0.24313,0.00015,9e-05,0.00353,0.003,0.00401
0.17626,0.00243,0.00078,0.00084,0.01253,0.00868
0.15769,0.00065,0.00042,5e-05,0.00403,0.00173
0.2175,0.00101,1e-05,0.00119,0.01235,0.00151
0.22059,5e-05,1e-04,0.00082,0.00423,0.00521
0.13777,0.00612,4e-04,0.00288,0.00251,0.00086
0.14038,4e-05,0.00176,0.00166,0.01162,0.00778
0.07895,0,0.0019,0.00119,0.01856,0.00813
0.11776,0,6e-04,0.00294,0.00499,0.00474
0.19964,0.00056,0.00026,0.00039,0.00902,0.00714
0.10454,0.00015,0.00064,0,0.00117,0.01667
0.14009,0.00734,0.00018,0.00067,0.0018,0.00115
0.17936,0.00118,0.00012,0.00156,0.01105,0.0079
0.20935,0.00031,3e-05,0.00021,0.00294,0.00649
0.12959,1e-05,0.00112,0.00212,0.02335,0.0074
0.10406,0.00413,0.00014,0.00313,0.01956,0.01162
0.1813,0.00018,0.00046,0.00028,0.00325,0.00316
0.15257,0.00331,0.00207,0.00133,0.00187,0.004
0.09125,0,0.00148,0.00033,0.00774,0.01204
0.17791,0.00132,4e-05,0.00012,0.0048,0.00951
0.20022,0.00203,0,0.00025,0.00412,0.00662
0.18758,0.00161,0.00563,0.00268,0.00835,0.00634
0.1635,0.001,5e-05,0.00102,0.01141,0.00769
0.08587,0.00136,0.00086,0.00032,0.00324,0.00984
0.14607,0.00971,7e-05,0.00143,0.00678,0.00052
0.1429,6e-05,8e-05,0.00222,0.00388,0.01513
0.18828,1e-05,5e-05,0.00278,0.01047,0.00962
0.17393,0.00065,0.00035,0.00048,0.00669,0.01331
0.13207,0.01138,0.00073,0.00075,0.00076,9e-05
0.23643,0.00299,0.00031,0.00106,0.00312,0.00324
0.08949,0.00042,6e-05,5e-05,0.00033,0.00496
0.03065,0.00057,0.00018,0.00012,9e-05,0.00201
0.16087,0.00019,0.00084,0.00539,0.00042,0.00343
0.19653,0.00797,5e-05,0.00047,0.00206,0.00048
0.19954,5e-05,0.00022,0.00082,0.00414,0.00313
0.19722,0.00136,0.00019,0.00025,0.00395,0.00487
0.11991,0.00876,8e-04,0.00174,0.00133,9e-05
0.13754,2e-05,0.00012,0.00034,0.00685,0.0052
0.23759,0.002,0.00193,0.00012,0.00233,0.00105
0.20281,0.00415,0,0.0011,0.00064,0.00342
0.17364,1e-05,0,0.00195,0.01519,0.00948
0.10844,0.00796,0.00058,0.00108,0.0018,1e-05
0.16135,0.0017,0.00012,0.00253,0.002,0.00213
0.219,1e-05,0.00157,0.00991,0.00364,0.00286
0.23524,0.00132,0.00134,0.00026,0.00762,0.00629
0.10511,0.00031,6e-05,0,0.00766,0.0106
0.19991,0.00027,0.00029,0.00022,0.00927,0.00558
0.05961,2e-05,0.00041,0.00101,0.01593,0.00304
0.18991,0.00201,1e-05,0.002,0.01526,0.00968
0.14526,0.00114,0.00171,0.00176,0.00394,0.00481
0.1638,0.00048,0.00019,0.00023,0.0074,0.00334
0.1356,0.00262,0.00033,0.00138,0.00217,0.00128
0.16369,0.00172,0.00065,0.00031,0.00102,0.00142
0.1955,6e-05,2e-04,0.00097,0.01399,0.00943
0.15949,4e-05,0.00044,0.00216,0.01448,0.00539
0.11322,0,4e-05,0.01084,0.00635,0.0037
0.11293,0.00012,0.00051,0.00096,0.00139,0.00601
0.13968,0.00014,0.00033,0.00088,0.01015,0.01413
0.16688,0.00038,0.00089,0.00395,0.00448,0.00673
0.28674,0.00019,3e-05,0.00082,0.00353,0.00543
0.20652,0.00027,8e-05,0.00016,0.0017,0.00586
0.19368,0.00162,0.00108,0.00029,0.00392,0.00701
0.13046,0.00074,4e-04,0.00096,0.00376,0.00993
0.083,0,2e-04,0.00334,0.0168,0.00424
0.23495,2e-05,1e-05,0.00055,0.00536,0.00569
0.11553,0.00426,1e-05,0.00209,0.00223,1e-05
0.13451,2e-05,0.00144,0.00306,0.00124,0.00096
0.1864,1e-05,0.00097,9e-05,0.00523,0.00524
0.13626,4e-05,0.00083,0.00219,0.01021,0.00361
0.10975,0.00018,8e-05,0.00097,0.00509,0.00441
0.188,0,0.00059,0.0029,0.0077,0.00517
0.10111,0.00019,0.00065,0.00076,0.0019,0.00549
0.06692,5e-05,0.00193,0.00132,0.00671,0.00315
0.092,0.00125,0.00012,0.00093,0.01733,0.00476
0.11405,0.00035,0.00208,0.0034,0.00467,0.00424
0.20963,3e-05,0.00051,0.00198,0.0098,0.00731
0.13073,0.00444,0,0.00148,0.01265,0.00012
0.15121,0.00285,3e-05,0.00071,0.01065,0.0024
0.1537,0.00014,0.00035,0.00193,0.00787,0.00372
0.1582,0.00146,0.00012,0.0019,0.00274,0.00554
0.17948,9e-05,9e-05,8e-04,0.00291,0.00454
0.16096,0.00011,0.00163,0.00181,0.01078,0.00799
0.14087,0.0034,0.00079,0.00204,0.00381,0.0027
0.14697,2e-05,0.00123,0.00083,0.01259,0.00409
0.1518,0.00023,1e-05,0.00025,0.00074,0.00413
0.134,0.00152,0.00035,0.00127,0.01664,0.00786
0.15332,0.00017,0.00039,0.00218,0.00457,0.00713
0.14666,1e-05,1e-05,0.00336,0.00447,0.00667
0.22799,7e-04,0.00017,0.00183,0.00864,0.01461
0.1007,0.00014,3e-05,0.00011,0.00717,0.00457
0.14496,0.00015,5e-05,6e-05,0.00479,0.01223
0.27151,0.00035,4e-04,0.00036,0.0095,0.01023
0.1358,0.00065,0.0013,0.00054,0.01391,0.01264
0.12577,0.00238,0.00099,0.00021,0.00123,0.00605
0.13512,0.00013,0.00031,1e-05,0.00635,0.00968
0.11771,1e-05,0.00027,0.00042,0.00497,0.0085
0.23242,0.00063,0.00042,0.00016,0.00393,0.01021
0.1725,0.00066,0.00035,0.00027,0.00722,0.00956
0.09512,0.01563,0.00032,0.00115,7e-04,0.00049
0.25197,9e-05,0.00015,0.00115,0.00183,0.0052
0.17293,0.00363,0.00206,0.00126,0.01555,0.0103
0.17802,7e-04,0.00038,6e-05,0.00455,0.00624
0.1531,1e-05,0.00124,0.00017,0.00749,0.01469
0.0917,0.00091,0.00023,2e-05,0.00574,0.00937
0.18285,0.00373,8e-04,0.00059,0.00769,0.00229
0.24972,0.00035,2e-05,0.00107,0.00338,0.00167
0.19255,0.00099,4e-05,0.00084,0.00534,0.00276
0.08414,0.00011,0.00082,0.00209,0.02184,0.00943
0.08708,0.00142,0.00055,0.00034,0.01653,0.00546
0.17203,0.00655,0.00038,0.00075,0.00625,0.00341
0.08501,6e-05,0.00194,0.00159,0.00621,0.00272
0.12753,0.00451,0.00115,0.00148,0.00886,0.00084
0.15393,0.00252,0.00028,0.00236,0.00426,0.00274
0.09046,0.00037,0,0.00216,0.00613,0.00627
0.16007,1e-05,0.00022,0.00172,0.02436,0.00545
0.13279,0.00297,0.00147,0.00138,0.01072,0.0136
0.15902,0.00585,1e-05,0.00066,0.00609,0.00238
0.11831,0.00025,0.00211,0.00359,0.00536,0.00918
0.17769,0.00724,1e-05,0.00117,0.0018,0.00209
0.19095,0.00139,1e-05,0.00115,0.01244,0.01076
0.17209,0.00499,0.00065,0.00152,0.00353,0.00078
0.15207,4e-05,6e-05,0.00834,0.00569,0.00255
0.1562,0.00086,5e-05,0.00548,0.00547,0.00155
0.10279,0.00324,0.00022,0.00384,0.00248,0.00027
0.15688,0.00837,2e-05,0.00014,0.00633,0.00579
0.14821,0.00491,3e-05,0.00387,0.00189,0.00547
0.2138,0.00056,0.00041,0.00058,0.00218,0.00031
0.20317,0,0.00013,0.00059,0.00585,0.00973
0.10191,0,0.00123,0.00099,0.0261,0.00596
0.11556,0,0.00449,0.00275,0.00896,0.008
0.17738,0.00189,0.00053,0.00082,0.01483,0.01808
0.09195,0.00176,0.00185,0.00149,0.00775,0.01092
0.19296,0.00362,2e-05,0.00098,0.01163,0.00278
0.1797,5e-05,0.00147,0.00014,0.0089,0.00689
0.14176,0.0038,0,0.00083,0.00399,0.00233
0.1613,0.00102,8e-05,0.00452,0.00902,0.0012
0.11656,0.00291,0,0.00013,0.00195,0.0021
0.22296,0.00225,0.00264,0.00357,0.00253,0.0087
0.15097,0.00258,0,0.00188,0.01321,0.0137
0.14538,0.00145,0.00178,0.00084,0.0035,6e-04
0.07841,9e-04,0.00163,0.00141,0.01969,0.0111
0.10344,0.00159,0.00028,0.00026,0.00945,0.00831
0.1422,0.00082,0.00191,0.00053,0.00867,0.0033
0.07933,1e-04,0.00256,0.00096,0.01717,0.00616
0.14531,0.00094,0.00027,0.00648,0.00588,0.00651
0.09014,6e-05,0.00177,0.00583,0.00735,0.00592
0.1998,0.00368,3e-04,0.00147,0.00749,0.00372
0.15171,0.00016,0.00108,8e-05,0.00805,0.00697
0.13263,0.00088,9e-05,0.00136,0.00256,0.0021
0.10901,0.00028,0.00313,0.00135,0.00185,0.00172
0.13434,7e-05,0.00228,0.00054,0.00611,0.00566
0.14007,0.00234,0,0.00022,0.00896,0.00422
0.1154,0.00601,0.00101,0.00218,0.00201,0.00095
0.13536,0,0,0.00062,0.00434,0.00575
0.0697,6e-05,0.00074,7e-05,0.00017,0.00393
0.14833,4e-05,0.00012,0.00048,0.00653,0.01117
0.18628,0.00127,0.00097,0.00031,0.00316,0.00349
0.0729,0.0011,0.00015,0.00037,0.0086,0.0092
0.17025,1e-05,0,0.00476,0.00083,0.00531
0.08774,0.00052,0,0.00041,0.00714,0.01073
0.073,0.00075,0.00045,2e-05,5e-05,0.00274
0.14696,0.00093,0.00122,0.00201,0.00359,0.00321
0.17277,0.00289,1e-05,0.00015,0.00029,0.00048
0.14397,0.00052,0.00013,0.00201,0.00133,0.00546
0.14781,0.00073,4e-05,0.00736,0.00038,0.00083
0.09736,2e-05,3e-05,0,1e-04,0.00321
0.09849,0.00014,0.00022,0.00064,0.00034,0.00707
0.16422,0.00143,0,0.0014,0.00116,0.00738
0.22837,0.00205,0.00046,0.00114,0.00345,0.00102
0.25734,8e-04,0.00038,0.00058,0.00523,0.0053
0.18916,0.00056,0.00025,0.00214,0.00714,0.00135
0.14409,0.00091,0.00051,0.0058,0.00256,0.00486
0.14797,5e-05,0,0.00042,0.00531,0.00691
0.19243,5e-05,0.00129,0.00021,0.01477,0.01415
0.08946,0.00159,0.00026,1e-05,0.00738,0.00247
0.20373,0.00039,8e-05,0.00013,0.00012,0.00461
0.14261,7e-05,0.00044,0.00033,0.00261,0.00623
0.08556,0.0022,0.00079,0.00017,0.01001,0.01413
0.19189,0.00061,0.00022,0.00126,0.00596,0.00535
0.12141,0.00013,0.00044,0.00101,0.00373,0.00592
0.19181,0.002,0.00031,7e-05,0.01606,0.01542
0.25161,0.00018,0.00016,0.00186,0.0049,0.00666
0.20585,0,0.00096,0.00191,0.01418,0.00953
0.19072,0,0.00093,1e-04,0.00984,0.01237
0.10487,0.00173,0.00015,1e-04,0.00048,0.00636
0.16278,0.00648,3e-04,0.00312,0.00322,0.00181
0.14421,9e-05,1e-05,0.00248,0.01105,0.00515
0.14804,0.00075,0.00152,0,0.0021,0.00977
0.14516,0.0121,1e-05,0.00105,0.00171,3e-05
0.06977,0.00107,0.00123,0.00286,0.00277,0.0091
0.11538,0.00129,0.00039,0.00075,0.00149,0.00107
0.16002,1e-04,0.00054,0.00028,0.00699,0.00902
0.18317,0.00137,0,0.00035,0.01596,0.00557
0.21893,0.00016,1e-05,0.00193,0.0095,0.00586
0.10137,0,0.00126,2e-04,0.00301,0.00867
0.09123,0.00042,0.00013,0.00357,0.01171,0.02769
0.12896,0.00012,0,4e-05,0.0029,0.00795
0.14262,0.00489,0.00015,0.00178,0.00206,0.00204
0.11469,0.00165,0,0.00112,0.01182,0.01495
0.14177,4e-05,0.00014,0.00227,0.00476,0.00286
0.21442,0.0012,0,0.00135,0.0057,0.00357
0.19781,2e-04,1e-05,0.00201,0.00849,0.00318
0.19922,0.00061,0.00238,0.00044,0.01246,0.01066
0.14025,0.00076,0,0.00077,0.00027,0.00716
0.12726,0.00674,3e-04,0.00343,0.00142,0
0.16557,1e-05,0.00474,0,0.01268,0.0044
0.21297,0.00022,0,0.00044,0.00438,0.00983
0.22199,0.00121,8e-05,0.00103,0.00488,0.00227
0.09231,0,1e-04,3e-05,5e-05,0.0035
0.22014,0.00205,0,0.00158,0.00705,0.00645
0.08979,9e-04,0.0015,0.00016,0.00277,0.00332
0.2705,0.00056,0.00054,0.00178,0.00108,0.00303
0.14425,0.00042,1e-05,9e-05,0.00064,0.00163
0.10434,0.00029,0.00026,2e-05,0.00087,0.00432
0.11175,0.00031,0.00023,0.00193,0.01209,0.0108
0.14624,0.00345,0.00129,4e-05,0.00303,0.00191
0.14793,0.00421,0.00045,0.00212,0.00716,0.01248
0.1565,0.00085,2e-05,0.00064,0.00658,0.00049
0.02973,0.00053,0.00016,0.00017,7e-05,0.00198
0.2136,8e-05,0.00039,0.00136,0.01657,0.00524
0.20743,0.00012,0.00072,7e-04,0.00176,0.00301
0.1004,0.00472,3e-04,0.00082,0.00245,0.003
0.12548,0.00119,4e-05,0.00117,0.00837,0.00629
0.12842,2e-05,0.00071,0.00152,0.0071,0.01251
0.10456,0.00677,0.00021,0.00217,0.00249,0
0.26065,0.00042,0.00055,0.00326,0.00432,0.01513
0.15025,0.00335,2e-05,0.00565,0.00892,0.00696
0.04751,8e-05,0.00017,3e-05,0,0.00172
0.12961,0.00138,0.00047,0.00276,0.00592,0.00139
0.10114,8e-05,0.00111,0.00187,0.01264,0.0107
0.1252,4e-05,0.00113,0.00266,0.0024,0.00403
0.08408,0.00015,0.00284,0.00192,0.00348,0.01212
0.19423,0.00371,8e-04,0.00069,0.00856,0.0023
0.1376,0.00409,0.00019,0.00354,0.00084,0.00013
0.11709,0.00019,0.00069,0.00095,0.01413,0.00739
0.25533,0.00015,0.00025,0.00149,0.00909,0.01124
0.20493,0.00017,0,7e-04,0.00739,0.01072
0.07917,0,0.00038,0.00492,0.0068,0.00163
0.18211,0.00243,2e-05,0.00035,0.01339,0.00703
0.22413,0.00048,0.00071,0.00251,0.00508,0.00567
0.18041,6e-05,1e-04,0.00024,0.00141,0.00563
0.13604,0.00015,0.00038,0.00025,0.00967,0.00958
0.2167,0.00211,2e-05,0.00091,0.01423,0.01371
0.12163,0.00216,0.00015,0,0.00254,0.00175
0.13546,0.00062,1e-05,0.00016,0.00231,0.00253
0.14829,0.0016,0.00056,0.00027,0.00512,0.00508
0.14998,0.00011,0.00075,0.00092,0.0039,0.00404
0.13042,0.0012,9e-04,0.00156,0.00433,0.00274
0.16824,0.00204,6e-04,0.00062,0.00677,0.01042
0.10185,0.00106,0.00145,2e-05,0.00714,0.00911
0.11696,0.00509,0.00022,0.00066,0.01413,0.01364
0.15737,0.00092,0.00154,0.00109,0.00238,0.00172
0.0942,0.00189,3e-05,7e-04,0.00366,0.00555
0.11939,0.00322,0.00023,0.00025,0.00075,0.00422
0.15489,2e-05,0.00153,0.00177,0.00704,0.00257
0.14847,8e-05,3e-05,0.00152,0.01095,0.00553
0.12935,0.00228,0.00035,0.00109,0.01234,0.01784
0.16209,0.00212,6e-05,0.00236,0.00582,0.0131
0.0797,0.00218,0.00214,0.00196,0.00042,0.00392
0.1573,0.00121,0,0.00018,0.0072,0.00191
0.14999,0.00254,0.00017,0.00126,0.01156,0.01047
0.14735,0.00079,8e-05,2e-05,0.00065,0.00419
0.17666,0.00094,0,0.00065,0.00359,0.00173
0.17585,0.00185,7e-05,0.00289,0.00696,0.00383
0.13103,0.0015,0.00046,0.00058,0.00663,0.00825
0.10017,0.00435,0.00033,0.0011,0.00348,0.00043
0.12336,0.00047,4e-04,0.00245,0.01302,0.00466
0.13245,0.00385,0.00025,0.00094,0.01023,0.01061
0.13736,0,0.00076,0.00107,0.00165,0.00688
0.14998,2e-05,0.00074,1e-05,0.00294,0.00827
0.10219,0.00152,1e-04,0.00059,0.00371,0.00237
0.13642,0.00223,4e-05,0.00257,0.00594,0.0016
0.22255,2e-05,0.00124,7e-05,0.00238,0.00446
0.1641,6e-04,0.00072,0.00064,0.00341,0.00876
0.13122,0.00145,0.00025,0.00155,0.00594,0.00413
0.18893,0,0.00036,0.00071,0.00483,0.00383
0.11632,0.00378,0.00028,0.00141,0.00638,0.00747
0.04585,0.00151,0.00071,0,0.00018,0.00401
0.0983,0.00051,3e-05,0.0023,0.00357,0.00607
0.07323,0.00315,0.00042,0.00122,9e-04,0.00426
0.14951,4e-05,0.00089,0.00071,0.00528,0.01047
0.11521,0.00109,0.00013,0.00083,0.00952,0.02159
0.13071,3e-05,4e-04,0.00091,0.01138,0.00871
0.10351,0.00077,0.00044,6e-05,0.00184,0.00781
0.18058,0.00027,7e-05,0.00195,0.00345,0.00329
0.12454,2e-05,0.00093,0.00024,0.00324,0.0095
0.09181,4e-05,0.00074,0.00014,0.01552,0.00697
0.18962,0.00558,7e-05,0.00108,0.0021,0.00039
0.1596,0.00625,0.00037,0.00031,0.00062,7e-05
0.1759,0.00268,0.00065,0.00019,0.00781,0.00714
0.08826,0.00098,0.00025,0.00066,0.00452,0.00933
0.14459,0.00529,0,2e-05,0.00854,0.00817
0.20883,0.00524,6e-05,0.00205,0.00888,0.01061
0.13324,2e-05,0.00044,0.00026,0.00258,0.00461
0.11456,0.00026,0,0.00303,0.00793,0.00515
0.12514,0.00078,0.00217,0.00159,0.00973,0.01238
0.088,0.00014,0.00015,2e-05,7e-05,0.00169
0.1589,3e-05,4e-04,6e-05,0.00836,0.00445
0.14368,0.00056,0.00115,0.00034,0.00616,0.0094
0.15806,5e-05,0.00026,0.00023,0.00453,0.00191
0.13907,0.01021,0.00019,2e-04,7e-05,0.00027
0.16104,0.00016,0.0022,1e-05,0.0047,0.00801
0.14379,1e-04,0.00028,0.0015,0.01315,0.00475
0.18335,0.0025,0.00021,0.00466,0.00527,0.01362
0.2368,0,0.00084,0.00138,0.00671,0.0016
0.12353,0.00254,0.00046,0.00042,0.00198,0.00423
0.21229,0.00019,0.00038,0.00025,0.00329,0.01126
0.1589,0.0014,3e-05,0.00378,0.00395,0.00402
0.10852,3e-05,0.00065,0.00205,0.00709,0.00759
0.10463,0.0053,0.00095,0.0011,1e-04,0.00488
0.14525,0.00325,0.00205,0.00181,0.00703,0.00217
0.19192,0.00084,0.00052,0.00022,0.00138,0.00707
0.12965,8e-04,0.00157,0.00038,0.00266,0.00425
0.12668,0.00015,0.00027,0.00229,0.00481,0.00226
